certificate,window,threshold,representation,region,support_mode,status,reasons,requested_source_steps,valid_reference_frames,eligible_pixel_observations,persistent_support_fraction,state,finite_pixels,q50_frames,q90_frames,q90_window_fraction,max_frames,fraction_nonzero,longest_any_censored_fraction,longest_all_censored_fraction,total_runs,completed_runs,censored_runs
IGI-LG756580087,core,0.6,coarse,centre,fixed,ok,,17,17,24548,1.0,dark,1444,0.0,2.0,0.11764705882352941,9,0.3192520775623269,0.07825484764542937,0.06994459833795014,607,483,124
IGI-LG756580087,core,0.6,coarse,centre,fixed,ok,,17,17,24548,1.0,non_dark,1444,17.0,17.0,1.0,17,1.0,0.9591412742382271,0.9584487534626038,1927,146,1781
IGI-LG756580087,core,0.65,coarse,centre,fixed,ok,,17,17,24548,1.0,dark,1444,0.0,2.0,0.11764705882352941,9,0.3635734072022161,0.0886426592797784,0.07617728531855955,715,573,142
IGI-LG756580087,core,0.65,coarse,centre,fixed,ok,,17,17,24548,1.0,non_dark,1444,17.0,17.0,1.0,17,1.0,0.9439058171745153,0.943213296398892,2017,190,1827
IGI-LG756580087,core,0.7,coarse,centre,fixed,ok,,17,17,24548,1.0,dark,1444,0.0,2.0,0.11764705882352941,9,0.4314404432132964,0.09487534626038781,0.08033240997229917,859,699,160
IGI-LG756580087,core,0.7,coarse,centre,fixed,ok,,17,17,24548,1.0,non_dark,1444,17.0,17.0,1.0,17,1.0,0.9335180055401662,0.9335180055401662,2143,236,1907
IGI-LG756580087,core,0.6,coarse,centre,dynamic,ok,,17,17,24548,1.0,dark,1444,0.0,2.0,0.11764705882352941,9,0.3192520775623269,0.07825484764542937,0.06994459833795014,607,483,124
IGI-LG756580087,core,0.6,coarse,centre,dynamic,ok,,17,17,24548,1.0,non_dark,1444,17.0,17.0,1.0,17,1.0,0.9591412742382271,0.9584487534626038,1927,146,1781
IGI-LG756580087,core,0.65,coarse,centre,dynamic,ok,,17,17,24548,1.0,dark,1444,0.0,2.0,0.11764705882352941,9,0.3635734072022161,0.0886426592797784,0.07617728531855955,715,573,142
IGI-LG756580087,core,0.65,coarse,centre,dynamic,ok,,17,17,24548,1.0,non_dark,1444,17.0,17.0,1.0,17,1.0,0.9439058171745153,0.943213296398892,2017,190,1827
IGI-LG756580087,core,0.7,coarse,centre,dynamic,ok,,17,17,24548,1.0,dark,1444,0.0,2.0,0.11764705882352941,9,0.4314404432132964,0.09487534626038781,0.08033240997229917,859,699,160
IGI-LG756580087,core,0.7,coarse,centre,dynamic,ok,,17,17,24548,1.0,non_dark,1444,17.0,17.0,1.0,17,1.0,0.9335180055401662,0.9335180055401662,2143,236,1907
IGI-LG756580087,core,0.6,coarse,inner,fixed,ok,,17,17,101184,1.0,dark,5952,0.0,3.0,0.17647058823529413,11,0.38306451612903225,0.08568548387096774,0.07946908602150538,2927,2235,692
IGI-LG756580087,core,0.6,coarse,inner,fixed,ok,,17,17,101184,1.0,non_dark,5952,17.0,17.0,1.0,17,1.0,0.974630376344086,0.9717741935483871,8187,647,7540
IGI-LG756580087,core,0.65,coarse,inner,fixed,ok,,17,17,101184,1.0,dark,5952,0.0,4.0,0.23529411764705882,12,0.4322916666666667,0.09459005376344086,0.08854166666666667,3350,2594,756
IGI-LG756580087,core,0.65,coarse,inner,fixed,ok,,17,17,101184,1.0,non_dark,5952,17.0,17.0,1.0,17,1.0,0.969758064516129,0.9658938172043011,8546,777,7769
IGI-LG756580087,core,0.7,coarse,inner,fixed,ok,,17,17,101184,1.0,dark,5952,0.0,4.0,0.23529411764705882,12,0.490255376344086,0.10887096774193548,0.10047043010752688,3905,3059,846
IGI-LG756580087,core,0.7,coarse,inner,fixed,ok,,17,17,101184,1.0,non_dark,5952,17.0,17.0,1.0,17,1.0,0.9637096774193549,0.9571572580645161,9011,987,8024
IGI-LG756580087,core,0.6,coarse,inner,dynamic,ok,,17,17,101184,1.0,dark,5952,0.0,3.0,0.17647058823529413,11,0.38306451612903225,0.08568548387096774,0.07946908602150538,2927,2235,692
IGI-LG756580087,core,0.6,coarse,inner,dynamic,ok,,17,17,101184,1.0,non_dark,5952,17.0,17.0,1.0,17,1.0,0.974630376344086,0.9717741935483871,8187,647,7540
IGI-LG756580087,core,0.65,coarse,inner,dynamic,ok,,17,17,101184,1.0,dark,5952,0.0,4.0,0.23529411764705882,12,0.4322916666666667,0.09459005376344086,0.08854166666666667,3350,2594,756
IGI-LG756580087,core,0.65,coarse,inner,dynamic,ok,,17,17,101184,1.0,non_dark,5952,17.0,17.0,1.0,17,1.0,0.969758064516129,0.9658938172043011,8546,777,7769
IGI-LG756580087,core,0.7,coarse,inner,dynamic,ok,,17,17,101184,1.0,dark,5952,0.0,4.0,0.23529411764705882,12,0.490255376344086,0.10887096774193548,0.10047043010752688,3905,3059,846
IGI-LG756580087,core,0.7,coarse,inner,dynamic,ok,,17,17,101184,1.0,non_dark,5952,17.0,17.0,1.0,17,1.0,0.9637096774193549,0.9571572580645161,9011,987,8024
IGI-LG756580087,core,0.6,coarse,middle,fixed,ok,,17,17,179520,1.0,dark,10560,0.0,3.0,0.17647058823529413,9,0.496875,0.10549242424242425,0.0709280303030303,8693,7214,1479
IGI-LG756580087,core,0.6,coarse,middle,fixed,ok,,17,17,179520,1.0,non_dark,10560,17.0,17.0,1.0,17,1.0,0.928125,0.9142992424242424,17774,3446,14328
IGI-LG756580087,core,0.65,coarse,middle,fixed,ok,,17,17,179520,1.0,dark,10560,1.0,4.0,0.23529411764705882,11,0.5602272727272727,0.1553030303030303,0.1137310606060606,10139,7915,2224
IGI-LG756580087,core,0.65,coarse,middle,fixed,ok,,17,17,179520,1.0,non_dark,10560,14.0,17.0,1.0,17,1.0,0.9082386363636363,0.8900568181818181,18475,4223,14252
IGI-LG756580087,core,0.7,coarse,middle,fixed,ok,,17,17,179520,1.0,dark,10560,1.0,5.0,0.29411764705882354,17,0.6223484848484848,0.18986742424242425,0.15113636363636362,10833,8125,2708
IGI-LG756580087,core,0.7,coarse,middle,fixed,ok,,17,17,179520,1.0,non_dark,10560,14.0,17.0,1.0,17,0.9980113636363637,0.8962121212121212,0.8740530303030303,18664,4261,14403
IGI-LG756580087,core,0.6,coarse,middle,dynamic,ok,,17,17,179520,1.0,dark,10560,0.0,3.0,0.17647058823529413,9,0.496875,0.10549242424242425,0.0709280303030303,8693,7214,1479
IGI-LG756580087,core,0.6,coarse,middle,dynamic,ok,,17,17,179520,1.0,non_dark,10560,17.0,17.0,1.0,17,1.0,0.928125,0.9142992424242424,17774,3446,14328
IGI-LG756580087,core,0.65,coarse,middle,dynamic,ok,,17,17,179520,1.0,dark,10560,1.0,4.0,0.23529411764705882,11,0.5602272727272727,0.1553030303030303,0.1137310606060606,10139,7915,2224
IGI-LG756580087,core,0.65,coarse,middle,dynamic,ok,,17,17,179520,1.0,non_dark,10560,14.0,17.0,1.0,17,1.0,0.9082386363636363,0.8900568181818181,18475,4223,14252
IGI-LG756580087,core,0.7,coarse,middle,dynamic,ok,,17,17,179520,1.0,dark,10560,1.0,5.0,0.29411764705882354,17,0.6223484848484848,0.18986742424242425,0.15113636363636362,10833,8125,2708
IGI-LG756580087,core,0.7,coarse,middle,dynamic,ok,,17,17,179520,1.0,non_dark,10560,14.0,17.0,1.0,17,0.9980113636363637,0.8962121212121212,0.8740530303030303,18664,4261,14403
IGI-LG756580087,core,0.6,coarse,outer,fixed,ok,,17,17,146370,0.5234997263938712,dark,8610,0.0,4.0,0.23529411764705882,13,0.4645760743321719,0.0983739837398374,0.08443670150987224,6091,5080,1011
IGI-LG756580087,core,0.6,coarse,outer,fixed,ok,,17,17,146370,0.5234997263938712,non_dark,8610,17.0,17.0,1.0,17,1.0,0.9476190476190476,0.9386759581881533,13690,2091,11599
IGI-LG756580087,core,0.65,coarse,outer,fixed,ok,,17,17,146370,0.5234997263938712,dark,8610,1.0,5.0,0.29411764705882354,15,0.5212543554006969,0.11393728222996516,0.09698025551684088,6949,5683,1266
IGI-LG756580087,core,0.65,coarse,outer,fixed,ok,,17,17,146370,0.5234997263938712,non_dark,8610,15.0,17.0,1.0,17,1.0,0.940534262485482,0.9290360046457607,14293,2461,11832
IGI-LG756580087,core,0.7,coarse,outer,fixed,ok,,17,17,146370,0.5234997263938712,dark,8610,1.0,5.0,0.29411764705882354,15,0.5816492450638792,0.13693379790940766,0.11823461091753774,7768,6163,1605
IGI-LG756580087,core,0.7,coarse,outer,fixed,ok,,17,17,146370,0.5234997263938712,non_dark,8610,14.0,17.0,1.0,17,1.0,0.9303135888501742,0.9157955865272939,14773,2760,12013
IGI-LG756580087,core,0.6,coarse,outer,dynamic,ok,,17,17,222762,0.5234997263938712,dark,16042,0.0,3.0,0.17647058823529413,13,0.2864356065328513,0.06040393965839671,0.05254955741179404,6738,5600,1138
IGI-LG756580087,core,0.6,coarse,outer,dynamic,ok,,17,17,222762,0.5234997263938712,non_dark,16042,12.0,17.0,1.0,17,1.0,0.9715746166313427,0.9663383618002743,24401,2138,22263
IGI-LG756580087,core,0.65,coarse,outer,dynamic,ok,,17,17,222762,0.5234997263938712,dark,16042,0.0,3.0,0.17647058823529413,15,0.33306320907617504,0.0732452312679217,0.06364543074429622,7890,6421,1469
IGI-LG756580087,core,0.65,coarse,outer,dynamic,ok,,17,17,222762,0.5234997263938712,non_dark,16042,12.0,17.0,1.0,17,1.0,0.9673980800398952,0.9608527615010597,25218,2540,22678
IGI-LG756580087,core,0.7,coarse,outer,dynamic,ok,,17,17,222762,0.5234997263938712,dark,16042,0.0,4.0,0.23529411764705882,15,0.39066201221792796,0.0925071686822092,0.08109961351452437,9185,7259,1926
IGI-LG756580087,core,0.7,coarse,outer,dynamic,ok,,17,17,222762,0.5234997263938712,non_dark,16042,11.0,17.0,1.0,17,1.0,0.961476125171425,0.9533723974566762,26047,2910,23137
IGI-LG756580087,core,0.6,semantic,centre,fixed,ok,,17,17,112404,0.7808219178082192,dark,6612,0.0,3.0,0.17647058823529413,11,0.3490623109497883,0.08000604960677556,0.07320024198427103,2965,2277,688
IGI-LG756580087,core,0.6,semantic,centre,fixed,ok,,17,17,112404,0.7808219178082192,non_dark,6612,17.0,17.0,1.0,17,1.0,0.9774652147610405,0.9756503327283726,8889,657,8232
IGI-LG756580087,core,0.65,semantic,centre,fixed,ok,,17,17,112404,0.7808219178082192,dark,6612,0.0,3.0,0.17647058823529413,12,0.3879310344827586,0.08832425892316999,0.08166969147005444,3321,2567,754
IGI-LG756580087,core,0.65,semantic,centre,fixed,ok,,17,17,112404,0.7808219178082192,non_dark,6612,17.0,17.0,1.0,17,1.0,0.9718693284936479,0.969751966122202,9179,756,8423
IGI-LG756580087,core,0.7,semantic,centre,fixed,ok,,17,17,112404,0.7808219178082192,dark,6612,0.0,3.0,0.17647058823529413,12,0.44661222020568664,0.0984573502722323,0.08938294010889292,3892,3060,832
IGI-LG756580087,core,0.7,semantic,centre,fixed,ok,,17,17,112404,0.7808219178082192,non_dark,6612,17.0,17.0,1.0,17,1.0,0.9664246823956443,0.9621899576527526,9672,939,8733
IGI-LG756580087,core,0.6,semantic,centre,dynamic,ok,,17,17,131531,0.7808219178082192,dark,8468,0.0,3.0,0.17647058823529413,11,0.3541568256967407,0.10734529995276335,0.09907888521492678,3808,2712,1096
IGI-LG756580087,core,0.6,semantic,centre,dynamic,ok,,17,17,131531,0.7808219178082192,non_dark,8468,17.0,17.0,1.0,17,0.9987009919697686,0.9753188474256023,0.9726027397260274,11873,803,11070
IGI-LG756580087,core,0.65,semantic,centre,dynamic,ok,,17,17,131531,0.7808219178082192,dark,8468,0.0,3.0,0.17647058823529413,12,0.39785073216816247,0.12009919697685403,0.11124232404345773,4312,3091,1221
IGI-LG756580087,core,0.65,semantic,centre,dynamic,ok,,17,17,131531,0.7808219178082192,non_dark,8468,15.0,17.0,1.0,17,0.997638167217761,0.9678790741615494,0.9641001417099669,12239,936,11303
IGI-LG756580087,core,0.7,semantic,centre,dynamic,ok,,17,17,131531,0.7808219178082192,dark,8468,0.0,3.0,0.17647058823529413,12,0.45229097779877186,0.13332546055739253,0.1209258384506377,5032,3678,1354
IGI-LG756580087,core,0.7,semantic,centre,dynamic,ok,,17,17,131531,0.7808219178082192,non_dark,8468,14.0,17.0,1.0,17,0.997401983939537,0.9599669343410486,0.9542985356636751,12816,1189,11627
IGI-LG756580087,core,0.6,semantic,inner_step,fixed,ok,,17,17,124916,0.5406121247792819,dark,7348,0.0,3.0,0.17647058823529413,8,0.44447468698965703,0.09825802939575394,0.065323897659227,5437,4428,1009
IGI-LG756580087,core,0.6,semantic,inner_step,fixed,ok,,17,17,124916,0.5406121247792819,non_dark,7348,17.0,17.0,1.0,17,1.0,0.9311377245508982,0.9172563962983125,11776,2171,9605
IGI-LG756580087,core,0.65,semantic,inner_step,fixed,ok,,17,17,124916,0.5406121247792819,dark,7348,1.0,4.0,0.23529411764705882,11,0.5096624931954273,0.1574578116494284,0.11377245508982035,6562,4928,1634
IGI-LG756580087,core,0.65,semantic,inner_step,fixed,ok,,17,17,124916,0.5406121247792819,non_dark,7348,16.0,17.0,1.0,17,1.0,0.9080021774632553,0.8907185628742516,12276,2817,9459
IGI-LG756580087,core,0.7,semantic,inner_step,fixed,ok,,17,17,124916,0.5406121247792819,dark,7348,1.0,5.0,0.29411764705882354,17,0.570223189983669,0.19188894937397932,0.1567773543821448,6802,4832,1970
IGI-LG756580087,core,0.7,semantic,inner_step,fixed,ok,,17,17,124916,0.5406121247792819,non_dark,7348,14.0,17.0,1.0,17,0.9971420794774088,0.8926238432226457,0.8727544910179641,12159,2612,9547
IGI-LG756580087,core,0.6,semantic,inner_step,dynamic,ok,,17,17,182604,0.5406121247792819,dark,13592,0.0,2.0,0.11764705882352941,9,0.40008828722778106,0.14177457327839907,0.11116833431430254,8561,5982,2579
IGI-LG756580087,core,0.6,semantic,inner_step,dynamic,ok,,17,17,182604,0.5406121247792819,non_dark,13592,11.0,17.0,1.0,17,0.9930841671571513,0.9348145968216598,0.923263684520306,22315,2878,19437
IGI-LG756580087,core,0.65,semantic,inner_step,dynamic,ok,,17,17,182604,0.5406121247792819,dark,13592,0.0,3.0,0.17647058823529413,11,0.4589464390818128,0.1912889935256033,0.15582695703354915,10316,6664,3652
IGI-LG756580087,core,0.65,semantic,inner_step,dynamic,ok,,17,17,182604,0.5406121247792819,non_dark,13592,11.0,17.0,1.0,17,0.9891848145968216,0.9151706886403767,0.9002354326074161,22785,3719,19066
IGI-LG756580087,core,0.7,semantic,inner_step,dynamic,ok,,17,17,182604,0.5406121247792819,dark,13592,1.0,4.0,0.23529411764705882,17,0.5153031194820482,0.23131253678634492,0.19857268981753973,11061,6715,4346
IGI-LG756580087,core,0.7,semantic,inner_step,dynamic,ok,,17,17,182604,0.5406121247792819,non_dark,13592,10.0,17.0,1.0,17,0.9845497351383167,0.9003825779870512,0.8811801059446733,22694,3645,19049
IGI-LG756580087,core,0.6,semantic,middle_step,fixed,ok,,17,17,14076,0.07798813224074597,dark,828,0.0,5.0,0.29411764705882354,8,0.4939613526570048,0.1388888888888889,0.12318840579710146,659,517,142
IGI-LG756580087,core,0.6,semantic,middle_step,fixed,ok,,17,17,14076,0.07798813224074597,non_dark,828,17.0,17.0,1.0,17,1.0,0.9492753623188406,0.9227053140096618,1345,250,1095
IGI-LG756580087,core,0.65,semantic,middle_step,fixed,ok,,17,17,14076,0.07798813224074597,dark,828,1.0,6.0,0.35294117647058826,15,0.5471014492753623,0.14492753623188406,0.11594202898550725,719,561,158
IGI-LG756580087,core,0.65,semantic,middle_step,fixed,ok,,17,17,14076,0.07798813224074597,non_dark,828,13.0,17.0,1.0,17,1.0,0.961352657004831,0.9420289855072463,1389,266,1123
IGI-LG756580087,core,0.7,semantic,middle_step,fixed,ok,,17,17,14076,0.07798813224074597,dark,828,1.0,8.0,0.47058823529411764,15,0.5978260869565217,0.1642512077294686,0.15096618357487923,756,572,184
IGI-LG756580087,core,0.7,semantic,middle_step,fixed,ok,,17,17,14076,0.07798813224074597,non_dark,828,11.0,17.0,1.0,17,1.0,0.964975845410628,0.9504830917874396,1400,261,1139
IGI-LG756580087,core,0.6,semantic,middle_step,dynamic,ok,,17,17,96769,0.07798813224074597,dark,10617,0.0,3.0,0.17647058823529413,13,0.41555995102194593,0.24545540171423189,0.22548742582650466,6214,3012,3202
IGI-LG756580087,core,0.6,semantic,middle_step,dynamic,ok,,17,17,96769,0.07798813224074597,non_dark,10617,6.0,13.0,0.7647058823529411,17,0.9821983611189602,0.9682584534237544,0.9574267683903174,18313,1261,17052
IGI-LG756580087,core,0.65,semantic,middle_step,dynamic,ok,,17,17,96769,0.07798813224074597,dark,10617,0.0,4.0,0.23529411764705882,15,0.4610530281623811,0.274936422718282,0.25317886408589996,6930,3200,3730
IGI-LG756580087,core,0.65,semantic,middle_step,dynamic,ok,,17,17,96769,0.07798813224074597,non_dark,10617,5.0,13.0,0.7647058823529411,17,0.9785250070641424,0.9631722708863144,0.9508335688047471,18303,1370,16933
IGI-LG756580087,core,0.7,semantic,middle_step,dynamic,ok,,17,17,96769,0.07798813224074597,dark,10617,1.0,4.0,0.23529411764705882,15,0.5022134312894415,0.3055477065084299,0.28454365640011303,7506,3298,4208
IGI-LG756580087,core,0.7,semantic,middle_step,dynamic,ok,,17,17,96769,0.07798813224074597,non_dark,10617,5.0,12.0,0.7058823529411765,17,0.974380710181784,0.95526043138363,0.9400960723368184,18274,1427,16847
IGI-LG756580087,core,0.6,semantic,outer_step,fixed,ok,,17,17,13481,0.05774832508010486,dark,793,0.0,1.0,0.058823529411764705,6,0.13871374527112232,0.008827238335435058,0.006305170239596469,147,139,8
IGI-LG756580087,core,0.6,semantic,outer_step,fixed,ok,,17,17,13481,0.05774832508010486,non_dark,793,17.0,17.0,1.0,17,1.0,1.0,1.0,932,37,895
IGI-LG756580087,core,0.65,semantic,outer_step,fixed,ok,,17,17,13481,0.05774832508010486,dark,793,0.0,2.0,0.11764705882352941,6,0.2068095838587642,0.025220680958385876,0.021437578814627996,188,166,22
IGI-LG756580087,core,0.65,semantic,outer_step,fixed,ok,,17,17,13481,0.05774832508010486,non_dark,793,17.0,17.0,1.0,17,1.0,0.9974779319041615,0.9974779319041615,959,24,935
IGI-LG756580087,core,0.7,semantic,outer_step,fixed,ok,,17,17,13481,0.05774832508010486,dark,793,0.0,2.0,0.11764705882352941,6,0.3455233291298865,0.05926860025220681,0.05296343001261034,335,281,54
IGI-LG756580087,core,0.7,semantic,outer_step,fixed,ok,,17,17,13481,0.05774832508010486,non_dark,793,17.0,17.0,1.0,17,1.0,0.9836065573770492,0.9836065573770492,1074,61,1013
IGI-LG756580087,core,0.6,semantic,outer_step,dynamic,ok,,17,17,117110,0.05774832508010486,dark,13327,0.0,0.0,0.0,9,0.08118856456816988,0.030614541907406017,0.02948900727845727,1227,779,448
IGI-LG756580087,core,0.6,semantic,outer_step,dynamic,ok,,17,17,117110,0.05774832508010486,non_dark,13327,6.0,15.0,0.8823529411764706,17,0.9995497861484205,0.999099572296841,0.9985743228033316,21301,98,21203
IGI-LG756580087,core,0.65,semantic,outer_step,dynamic,ok,,17,17,117110,0.05774832508010486,dark,13327,0.0,1.0,0.058823529411764705,9,0.11773092218803932,0.04817288211900653,0.04674720492233811,1775,1054,721
IGI-LG756580087,core,0.65,semantic,outer_step,dynamic,ok,,17,17,117110,0.05774832508010486,non_dark,13327,6.0,14.0,0.8235294117647058,17,0.9992496435807008,0.9978990020259624,0.997298716890523,21523,140,21383
IGI-LG756580087,core,0.7,semantic,outer_step,dynamic,ok,,17,17,117110,0.05774832508010486,dark,13327,0.0,1.0,0.058823529411764705,9,0.17093119231635026,0.07060853905605162,0.06723193516920538,2633,1575,1058
IGI-LG756580087,core,0.7,semantic,outer_step,dynamic,ok,,17,17,117110,0.05774832508010486,non_dark,13327,6.0,14.0,0.8235294117647058,17,0.999099572296841,0.9960231109777145,0.9951977189164853,21997,277,21720
IGI-LG756580087,wide,0.6,coarse,centre,fixed,ok,,33,33,47652,1.0,dark,1444,0.5,4.0,0.12121212121212122,9,0.5,0.08795013850415513,0.08448753462603878,1091,949,142
IGI-LG756580087,wide,0.6,coarse,centre,fixed,ok,,33,33,47652,1.0,non_dark,1444,32.5,33.0,1.0,33,1.0,0.9141274238227147,0.9141274238227147,2393,369,2024
IGI-LG756580087,wide,0.65,coarse,centre,fixed,ok,,33,33,47652,1.0,dark,1444,1.0,4.7000000000000455,0.1424242424242438,9,0.5498614958448753,0.09418282548476455,0.08933518005540166,1282,1127,155
IGI-LG756580087,wide,0.65,coarse,centre,fixed,ok,,33,33,47652,1.0,non_dark,1444,29.0,33.0,1.0,33,1.0,0.8885041551246537,0.8878116343490304,2571,488,2083
IGI-LG756580087,wide,0.7,coarse,centre,fixed,ok,,33,33,47652,1.0,dark,1444,1.0,5.0,0.15151515151515152,9,0.6114958448753463,0.11149584487534626,0.10249307479224377,1496,1315,181
IGI-LG756580087,wide,0.7,coarse,centre,fixed,ok,,33,33,47652,1.0,non_dark,1444,26.0,33.0,1.0,33,1.0,0.8566481994459834,0.8552631578947368,2759,613,2146
IGI-LG756580087,wide,0.6,coarse,centre,dynamic,ok,,33,33,47652,1.0,dark,1444,0.5,4.0,0.12121212121212122,9,0.5,0.08795013850415513,0.08448753462603878,1091,949,142
IGI-LG756580087,wide,0.6,coarse,centre,dynamic,ok,,33,33,47652,1.0,non_dark,1444,32.5,33.0,1.0,33,1.0,0.9141274238227147,0.9141274238227147,2393,369,2024
IGI-LG756580087,wide,0.65,coarse,centre,dynamic,ok,,33,33,47652,1.0,dark,1444,1.0,4.7000000000000455,0.1424242424242438,9,0.5498614958448753,0.09418282548476455,0.08933518005540166,1282,1127,155
IGI-LG756580087,wide,0.65,coarse,centre,dynamic,ok,,33,33,47652,1.0,non_dark,1444,29.0,33.0,1.0,33,1.0,0.8885041551246537,0.8878116343490304,2571,488,2083
IGI-LG756580087,wide,0.7,coarse,centre,dynamic,ok,,33,33,47652,1.0,dark,1444,1.0,5.0,0.15151515151515152,9,0.6114958448753463,0.11149584487534626,0.10249307479224377,1496,1315,181
IGI-LG756580087,wide,0.7,coarse,centre,dynamic,ok,,33,33,47652,1.0,non_dark,1444,26.0,33.0,1.0,33,1.0,0.8566481994459834,0.8552631578947368,2759,613,2146
IGI-LG756580087,wide,0.6,coarse,inner,fixed,ok,,33,33,196416,1.0,dark,5952,1.0,4.0,0.12121212121212122,11,0.6122311827956989,0.17573924731182797,0.14516129032258066,5951,4558,1393
IGI-LG756580087,wide,0.6,coarse,inner,fixed,ok,,33,33,196416,1.0,non_dark,5952,29.0,33.0,1.0,33,1.0,0.9022177419354839,0.8938172043010753,10510,2307,8203
IGI-LG756580087,wide,0.65,coarse,inner,fixed,ok,,33,33,196416,1.0,dark,5952,1.0,4.0,0.12121212121212122,14,0.655241935483871,0.1849798387096774,0.14885752688172044,6496,5007,1489
IGI-LG756580087,wide,0.65,coarse,inner,fixed,ok,,33,33,196416,1.0,non_dark,5952,28.0,33.0,1.0,33,1.0,0.8817204301075269,0.8709677419354839,10959,2596,8363
IGI-LG756580087,wide,0.7,coarse,inner,fixed,ok,,33,33,196416,1.0,dark,5952,2.0,5.0,0.15151515151515152,14,0.7229502688172043,0.2073252688172043,0.16532258064516128,7410,5653,1757
IGI-LG756580087,wide,0.7,coarse,inner,fixed,ok,,33,33,196416,1.0,non_dark,5952,25.0,33.0,1.0,33,1.0,0.8422379032258065,0.8306451612903226,11605,3107,8498
IGI-LG756580087,wide,0.6,coarse,inner,dynamic,ok,,33,33,196416,1.0,dark,5952,1.0,4.0,0.12121212121212122,11,0.6122311827956989,0.17573924731182797,0.14516129032258066,5951,4558,1393
IGI-LG756580087,wide,0.6,coarse,inner,dynamic,ok,,33,33,196416,1.0,non_dark,5952,29.0,33.0,1.0,33,1.0,0.9022177419354839,0.8938172043010753,10510,2307,8203
IGI-LG756580087,wide,0.65,coarse,inner,dynamic,ok,,33,33,196416,1.0,dark,5952,1.0,4.0,0.12121212121212122,14,0.655241935483871,0.1849798387096774,0.14885752688172044,6496,5007,1489
IGI-LG756580087,wide,0.65,coarse,inner,dynamic,ok,,33,33,196416,1.0,non_dark,5952,28.0,33.0,1.0,33,1.0,0.8817204301075269,0.8709677419354839,10959,2596,8363
IGI-LG756580087,wide,0.7,coarse,inner,dynamic,ok,,33,33,196416,1.0,dark,5952,2.0,5.0,0.15151515151515152,14,0.7229502688172043,0.2073252688172043,0.16532258064516128,7410,5653,1757
IGI-LG756580087,wide,0.7,coarse,inner,dynamic,ok,,33,33,196416,1.0,non_dark,5952,25.0,33.0,1.0,33,1.0,0.8422379032258065,0.8306451612903226,11605,3107,8498
IGI-LG756580087,wide,0.6,coarse,middle,fixed,ok,,33,33,346665,0.9947916666666666,dark,10505,1.0,4.0,0.12121212121212122,10,0.647977153736316,0.10871013802950975,0.08253212755830557,14242,12742,1500
IGI-LG756580087,wide,0.6,coarse,middle,fixed,ok,,33,33,346665,0.9947916666666666,non_dark,10505,24.0,33.0,1.0,33,1.0,0.8778676820561637,0.8689195621132794,23247,7435,15812
IGI-LG756580087,wide,0.65,coarse,middle,fixed,ok,,33,33,346665,0.9947916666666666,dark,10505,1.0,5.0,0.15151515151515152,16,0.7000475963826749,0.11613517372679677,0.09386006663493575,16007,14184,1823
IGI-LG756580087,wide,0.65,coarse,middle,fixed,ok,,33,33,346665,0.9947916666666666,non_dark,10505,22.0,33.0,1.0,33,1.0,0.8579723940980486,0.847405997144217,24689,8653,16036
IGI-LG756580087,wide,0.7,coarse,middle,fixed,ok,,33,33,346665,0.9947916666666666,dark,10505,2.0,7.0,0.21212121212121213,22,0.7506901475487863,0.13536411232746312,0.10975725844835793,17193,15001,2192
IGI-LG756580087,wide,0.7,coarse,middle,fixed,ok,,33,33,346665,0.9947916666666666,non_dark,10505,21.0,33.0,1.0,33,1.0,0.8292241789623989,0.8158971918134221,25506,9307,16199
IGI-LG756580087,wide,0.6,coarse,middle,dynamic,ok,,33,33,348366,0.9947916666666666,dark,10560,1.0,4.0,0.12121212121212122,10,0.6484848484848484,0.10814393939393939,0.08210227272727273,14303,12803,1500
IGI-LG756580087,wide,0.6,coarse,middle,dynamic,ok,,33,33,348366,0.9947916666666666,non_dark,10560,24.0,33.0,1.0,33,1.0,0.8785037878787879,0.8696022727272728,23363,7455,15908
IGI-LG756580087,wide,0.65,coarse,middle,dynamic,ok,,33,33,348366,0.9947916666666666,dark,10560,1.0,5.0,0.15151515151515152,16,0.7011363636363637,0.11553030303030302,0.09337121212121212,16094,14271,1823
IGI-LG756580087,wide,0.65,coarse,middle,dynamic,ok,,33,33,348366,0.9947916666666666,non_dark,10560,22.0,33.0,1.0,33,1.0,0.8587121212121213,0.8481060606060606,24831,8690,16141
IGI-LG756580087,wide,0.7,coarse,middle,dynamic,ok,,33,33,348366,0.9947916666666666,dark,10560,2.0,7.0,0.21212121212121213,22,0.7517992424242425,0.13465909090909092,0.10918560606060607,17299,15107,2192
IGI-LG756580087,wide,0.7,coarse,middle,dynamic,ok,,33,33,348366,0.9947916666666666,non_dark,10560,21.0,33.0,1.0,33,1.0,0.8300189393939394,0.8166666666666667,25667,9360,16307
IGI-LG756580087,wide,0.6,coarse,outer,fixed,ok,,33,33,160908,0.2951931226540743,dark,4876,1.0,5.0,0.15151515151515152,13,0.6778096800656276,0.043888433141919606,0.03383921246923708,6730,6382,348
IGI-LG756580087,wide,0.6,coarse,outer,fixed,ok,,33,33,160908,0.2951931226540743,non_dark,4876,21.0,33.0,1.0,33,1.0,0.9300656275635767,0.9202214930270713,11258,3425,7833
IGI-LG756580087,wide,0.65,coarse,outer,fixed,ok,,33,33,160908,0.2951931226540743,dark,4876,2.0,6.0,0.18181818181818182,16,0.7294913863822805,0.05906480721903199,0.04634946677604594,7557,7034,523
IGI-LG756580087,wide,0.65,coarse,outer,fixed,ok,,33,33,160908,0.2951931226540743,non_dark,4876,19.0,33.0,1.0,33,1.0,0.9126333059885152,0.8990976210008204,11910,4000,7910
IGI-LG756580087,wide,0.7,coarse,outer,fixed,ok,,33,33,160908,0.2951931226540743,dark,4876,2.0,8.0,0.24242424242424243,18,0.7672272354388844,0.08264971287940935,0.06767842493847416,7964,7247,717
IGI-LG756580087,wide,0.7,coarse,outer,fixed,ok,,33,33,160908,0.2951931226540743,non_dark,4876,19.0,33.0,1.0,33,1.0,0.8908941755537325,0.876538146021329,12123,4223,7900
IGI-LG756580087,wide,0.6,coarse,outer,dynamic,ok,,33,33,370330,0.2951931226540743,dark,16101,0.0,3.0,0.09090909090909091,13,0.34246320104341343,0.023849450344699086,0.01981243401030992,9495,8957,538
IGI-LG756580087,wide,0.6,coarse,outer,dynamic,ok,,33,33,370330,0.2951931226540743,non_dark,16101,18.0,32.0,0.9696969696969697,33,1.0,0.9773927085274207,0.9741630954599093,30211,3949,26262
IGI-LG756580087,wide,0.65,coarse,outer,dynamic,ok,,33,33,370330,0.2951931226540743,dark,16101,0.0,4.0,0.12121212121212122,16,0.4064964909011863,0.03521520402459474,0.029004409663996027,11483,10636,847
IGI-LG756580087,wide,0.65,coarse,outer,dynamic,ok,,33,33,370330,0.2951931226540743,non_dark,16101,17.0,30.0,0.9090909090909091,33,1.0,0.9693807838022483,0.9645363642009813,31886,4895,26991
IGI-LG756580087,wide,0.7,coarse,outer,dynamic,ok,,33,33,370330,0.2951931226540743,dark,16101,0.0,4.0,0.12121212121212122,18,0.4814607788336128,0.05142537730575741,0.041674430159617415,13491,12271,1220
IGI-LG756580087,wide,0.7,coarse,outer,dynamic,ok,,33,33,370330,0.2951931226540743,non_dark,16101,16.0,29.0,0.8787878787878788,33,1.0,0.9560275759269611,0.9501894292279982,33515,5694,27821
IGI-LG756520111,core,0.6,coarse,centre,fixed,review,foreground_or_nonuniformity_on_border;outline_near_image_edge,17,17,24548,1.0,dark,1444,0.0,2.0,0.11764705882352941,4,0.2347645429362881,0.0013850415512465374,0.0013850415512465374,368,366,2
IGI-LG756520111,core,0.6,coarse,centre,fixed,review,foreground_or_nonuniformity_on_border;outline_near_image_edge,17,17,24548,1.0,non_dark,1444,17.0,17.0,1.0,17,1.0,1.0,1.0,1810,29,1781
IGI-LG756520111,core,0.65,coarse,centre,fixed,review,foreground_or_nonuniformity_on_border;outline_near_image_edge,17,17,24548,1.0,dark,1444,0.0,3.0,0.17647058823529413,5,0.3012465373961219,0.008310249307479225,0.007617728531855956,483,471,12
IGI-LG756520111,core,0.65,coarse,centre,fixed,review,foreground_or_nonuniformity_on_border;outline_near_image_edge,17,17,24548,1.0,non_dark,1444,17.0,17.0,1.0,17,1.0,1.0,1.0,1915,48,1867
IGI-LG756520111,core,0.7,coarse,centre,fixed,review,foreground_or_nonuniformity_on_border;outline_near_image_edge,17,17,24548,1.0,dark,1444,0.0,4.0,0.23529411764705882,7,0.3732686980609418,0.023545706371191136,0.022853185595567867,584,545,39
IGI-LG756520111,core,0.7,coarse,centre,fixed,review,foreground_or_nonuniformity_on_border;outline_near_image_edge,17,17,24548,1.0,non_dark,1444,17.0,17.0,1.0,17,1.0,1.0,1.0,1989,45,1944
IGI-LG756520111,core,0.6,coarse,centre,dynamic,review,foreground_or_nonuniformity_on_border;outline_near_image_edge,17,17,24548,1.0,dark,1444,0.0,2.0,0.11764705882352941,4,0.2347645429362881,0.0013850415512465374,0.0013850415512465374,368,366,2
IGI-LG756520111,core,0.6,coarse,centre,dynamic,review,foreground_or_nonuniformity_on_border;outline_near_image_edge,17,17,24548,1.0,non_dark,1444,17.0,17.0,1.0,17,1.0,1.0,1.0,1810,29,1781
IGI-LG756520111,core,0.65,coarse,centre,dynamic,review,foreground_or_nonuniformity_on_border;outline_near_image_edge,17,17,24548,1.0,dark,1444,0.0,3.0,0.17647058823529413,5,0.3012465373961219,0.008310249307479225,0.007617728531855956,483,471,12
IGI-LG756520111,core,0.65,coarse,centre,dynamic,review,foreground_or_nonuniformity_on_border;outline_near_image_edge,17,17,24548,1.0,non_dark,1444,17.0,17.0,1.0,17,1.0,1.0,1.0,1915,48,1867
IGI-LG756520111,core,0.7,coarse,centre,dynamic,review,foreground_or_nonuniformity_on_border;outline_near_image_edge,17,17,24548,1.0,dark,1444,0.0,4.0,0.23529411764705882,7,0.3732686980609418,0.023545706371191136,0.022853185595567867,584,545,39
IGI-LG756520111,core,0.7,coarse,centre,dynamic,review,foreground_or_nonuniformity_on_border;outline_near_image_edge,17,17,24548,1.0,non_dark,1444,17.0,17.0,1.0,17,1.0,1.0,1.0,1989,45,1944
IGI-LG756520111,core,0.6,coarse,inner,fixed,review,foreground_or_nonuniformity_on_border;outline_near_image_edge,17,17,101184,1.0,dark,5952,0.0,3.0,0.17647058823529413,10,0.37281586021505375,0.004200268817204301,0.0011760752688172043,2936,2886,50
IGI-LG756520111,core,0.6,coarse,inner,fixed,review,foreground_or_nonuniformity_on_border;outline_near_image_edge,17,17,101184,1.0,non_dark,5952,17.0,17.0,1.0,17,1.0,0.9884072580645161,0.9880712365591398,8838,717,8121
IGI-LG756520111,core,0.65,coarse,inner,fixed,review,foreground_or_nonuniformity_on_border;outline_near_image_edge,17,17,101184,1.0,dark,5952,0.0,3.0,0.17647058823529413,12,0.40389784946236557,0.025705645161290324,0.00739247311827957,3419,3228,191
IGI-LG756520111,core,0.65,coarse,inner,fixed,review,foreground_or_nonuniformity_on_border;outline_near_image_edge,17,17,101184,1.0,non_dark,5952,17.0,17.0,1.0,17,1.0,0.9830309139784946,0.9821908602150538,9180,1015,8165
IGI-LG756520111,core,0.7,coarse,inner,fixed,review,foreground_or_nonuniformity_on_border;outline_near_image_edge,17,17,101184,1.0,dark,5952,0.0,4.0,0.23529411764705882,12,0.4366599462365591,0.055443548387096774,0.031754032258064516,3888,3478,410
IGI-LG756520111,core,0.7,coarse,inner,fixed,review,foreground_or_nonuniformity_on_border;outline_near_image_edge,17,17,101184,1.0,non_dark,5952,17.0,17.0,1.0,17,1.0,0.9815188172043011,0.9788306451612904,9430,1289,8141
IGI-LG756520111,core,0.6,coarse,inner,dynamic,review,foreground_or_nonuniformity_on_border;outline_near_image_edge,17,17,101184,1.0,dark,5952,0.0,3.0,0.17647058823529413,10,0.37281586021505375,0.004200268817204301,0.0011760752688172043,2936,2886,50
IGI-LG756520111,core,0.6,coarse,inner,dynamic,review,foreground_or_nonuniformity_on_border;outline_near_image_edge,17,17,101184,1.0,non_dark,5952,17.0,17.0,1.0,17,1.0,0.9884072580645161,0.9880712365591398,8838,717,8121
IGI-LG756520111,core,0.65,coarse,inner,dynamic,review,foreground_or_nonuniformity_on_border;outline_near_image_edge,17,17,101184,1.0,dark,5952,0.0,3.0,0.17647058823529413,12,0.40389784946236557,0.025705645161290324,0.00739247311827957,3419,3228,191
IGI-LG756520111,core,0.65,coarse,inner,dynamic,review,foreground_or_nonuniformity_on_border;outline_near_image_edge,17,17,101184,1.0,non_dark,5952,17.0,17.0,1.0,17,1.0,0.9830309139784946,0.9821908602150538,9180,1015,8165
IGI-LG756520111,core,0.7,coarse,inner,dynamic,review,foreground_or_nonuniformity_on_border;outline_near_image_edge,17,17,101184,1.0,dark,5952,0.0,4.0,0.23529411764705882,12,0.4366599462365591,0.055443548387096774,0.031754032258064516,3888,3478,410
IGI-LG756520111,core,0.7,coarse,inner,dynamic,review,foreground_or_nonuniformity_on_border;outline_near_image_edge,17,17,101184,1.0,non_dark,5952,17.0,17.0,1.0,17,1.0,0.9815188172043011,0.9788306451612904,9430,1289,8141
IGI-LG756520111,core,0.6,coarse,middle,fixed,review,foreground_or_nonuniformity_on_border;outline_near_image_edge,17,17,179520,1.0,dark,10560,0.0,4.0,0.23529411764705882,11,0.3952651515151515,0.014678030303030304,0.01278409090909091,5093,4894,199
IGI-LG756520111,core,0.6,coarse,middle,fixed,review,foreground_or_nonuniformity_on_border;outline_near_image_edge,17,17,179520,1.0,non_dark,10560,17.0,17.0,1.0,17,1.0,0.993465909090909,0.9924242424242424,15454,919,14535
IGI-LG756520111,core,0.65,coarse,middle,fixed,review,foreground_or_nonuniformity_on_border;outline_near_image_edge,17,17,179520,1.0,dark,10560,0.0,5.0,0.29411764705882354,12,0.4481060606060606,0.02528409090909091,0.02215909090909091,5826,5472,354
IGI-LG756520111,core,0.65,coarse,middle,fixed,review,foreground_or_nonuniformity_on_border;outline_near_image_edge,17,17,179520,1.0,non_dark,10560,17.0,17.0,1.0,17,1.0,0.9897727272727272,0.9876893939393939,16032,1094,14938
IGI-LG756520111,core,0.7,coarse,middle,fixed,review,foreground_or_nonuniformity_on_border;outline_near_image_edge,17,17,179520,1.0,dark,10560,1.0,5.0,0.29411764705882354,12,0.512689393939394,0.06240530303030303,0.051231060606060606,6835,6013,822
IGI-LG756520111,core,0.7,coarse,middle,fixed,review,foreground_or_nonuniformity_on_border;outline_near_image_edge,17,17,179520,1.0,non_dark,10560,16.0,17.0,1.0,17,1.0,0.9791666666666666,0.9735795454545455,16573,1421,15152
IGI-LG756520111,core,0.6,coarse,middle,dynamic,review,foreground_or_nonuniformity_on_border;outline_near_image_edge,17,17,179520,1.0,dark,10560,0.0,4.0,0.23529411764705882,11,0.3952651515151515,0.014678030303030304,0.01278409090909091,5093,4894,199
IGI-LG756520111,core,0.6,coarse,middle,dynamic,review,foreground_or_nonuniformity_on_border;outline_near_image_edge,17,17,179520,1.0,non_dark,10560,17.0,17.0,1.0,17,1.0,0.993465909090909,0.9924242424242424,15454,919,14535
IGI-LG756520111,core,0.65,coarse,middle,dynamic,review,foreground_or_nonuniformity_on_border;outline_near_image_edge,17,17,179520,1.0,dark,10560,0.0,5.0,0.29411764705882354,12,0.4481060606060606,0.02528409090909091,0.02215909090909091,5826,5472,354
IGI-LG756520111,core,0.65,coarse,middle,dynamic,review,foreground_or_nonuniformity_on_border;outline_near_image_edge,17,17,179520,1.0,non_dark,10560,17.0,17.0,1.0,17,1.0,0.9897727272727272,0.9876893939393939,16032,1094,14938
IGI-LG756520111,core,0.7,coarse,middle,dynamic,review,foreground_or_nonuniformity_on_border;outline_near_image_edge,17,17,179520,1.0,dark,10560,1.0,5.0,0.29411764705882354,12,0.512689393939394,0.06240530303030303,0.051231060606060606,6835,6013,822
IGI-LG756520111,core,0.7,coarse,middle,dynamic,review,foreground_or_nonuniformity_on_border;outline_near_image_edge,17,17,179520,1.0,non_dark,10560,16.0,17.0,1.0,17,1.0,0.9791666666666666,0.9735795454545455,16573,1421,15152
IGI-LG756520111,core,0.6,coarse,outer,fixed,review,foreground_or_nonuniformity_on_border;outline_near_image_edge,17,17,270079,0.9156244596853207,dark,15887,0.0,5.0,0.29411764705882354,11,0.3774784414930446,0.051425693963618055,0.042298734814628314,7728,6601,1127
IGI-LG756520111,core,0.6,coarse,outer,fixed,review,foreground_or_nonuniformity_on_border;outline_near_image_edge,17,17,270079,0.9156244596853207,non_dark,15887,17.0,17.0,1.0,17,1.0,0.975829294391641,0.9728079561905961,22488,1731,20757
IGI-LG756520111,core,0.65,coarse,outer,fixed,review,foreground_or_nonuniformity_on_border;outline_near_image_edge,17,17,270079,0.9156244596853207,dark,15887,0.0,5.0,0.29411764705882354,17,0.43538742367973815,0.0758481777553975,0.06414049222634859,9178,7407,1771
IGI-LG756520111,core,0.65,coarse,outer,fixed,review,foreground_or_nonuniformity_on_border;outline_near_image_edge,17,17,270079,0.9156244596853207,non_dark,15887,17.0,17.0,1.0,17,0.9999370554541449,0.9661987788758104,0.9624221061245043,23293,2261,21032
IGI-LG756520111,core,0.7,coarse,outer,fixed,review,foreground_or_nonuniformity_on_border;outline_near_image_edge,17,17,270079,0.9156244596853207,dark,15887,0.0,6.0,0.35294117647058826,17,0.4992761377226663,0.10486561339459936,0.08938125511424436,10603,8128,2475
IGI-LG756520111,core,0.7,coarse,outer,fixed,review,foreground_or_nonuniformity_on_border;outline_near_image_edge,17,17,270079,0.9156244596853207,non_dark,15887,17.0,17.0,1.0,17,0.9996223327248694,0.9526027569711084,0.9466859696607289,24009,2671,21338
IGI-LG756520111,core,0.6,coarse,outer,dynamic,review,foreground_or_nonuniformity_on_border;outline_near_image_edge,17,17,277976,0.9156244596853207,dark,16964,0.0,4.0,0.23529411764705882,11,0.3587007781183683,0.051874557887290736,0.04309125206319264,7829,6634,1195
IGI-LG756520111,core,0.6,coarse,outer,dynamic,review,foreground_or_nonuniformity_on_border;outline_near_image_edge,17,17,277976,0.9156244596853207,non_dark,16964,17.0,17.0,1.0,17,0.9991157745814666,0.976420655505777,0.9735911341664701,24856,1736,23120
IGI-LG756520111,core,0.65,coarse,outer,dynamic,review,foreground_or_nonuniformity_on_border;outline_near_image_edge,17,17,277976,0.9156244596853207,dark,16964,0.0,5.0,0.29411764705882354,17,0.41405328931855695,0.07622023107757604,0.06502004244282009,9310,7439,1871
IGI-LG756520111,core,0.65,coarse,outer,dynamic,review,foreground_or_nonuniformity_on_border;outline_near_image_edge,17,17,277976,0.9156244596853207,non_dark,16964,17.0,17.0,1.0,17,0.9988210327752889,0.9670478660693232,0.9633930676727187,25654,2274,23380
IGI-LG756520111,core,0.7,coarse,outer,dynamic,review,foreground_or_nonuniformity_on_border;outline_near_image_edge,17,17,277976,0.9156244596853207,dark,16964,0.0,6.0,0.35294117647058826,17,0.4752416882810658,0.10451544447064372,0.08977835416175431,10763,8165,2598
IGI-LG756520111,core,0.7,coarse,outer,dynamic,review,foreground_or_nonuniformity_on_border;outline_near_image_edge,17,17,277976,0.9156244596853207,non_dark,16964,15.0,17.0,1.0,17,0.9981136524404621,0.9538434331525584,0.9482433388351804,26365,2686,23679
IGI-LG756520111,core,0.6,semantic,centre,fixed,review,foreground_or_nonuniformity_on_border;outline_near_image_edge,17,17,165155,0.977364185110664,dark,9715,0.0,3.0,0.17647058823529413,10,0.3739577972207926,0.00319094184251158,0.0012352032938754503,4659,4603,56
IGI-LG756520111,core,0.6,semantic,centre,fixed,review,foreground_or_nonuniformity_on_border;outline_near_image_edge,17,17,165155,0.977364185110664,non_dark,9715,17.0,17.0,1.0,17,1.0,0.9928975810602162,0.9926917138445702,14318,1026,13292
IGI-LG756520111,core,0.65,semantic,centre,fixed,review,foreground_or_nonuniformity_on_border;outline_near_image_edge,17,17,165155,0.977364185110664,dark,9715,0.0,3.0,0.17647058823529413,12,0.413484302624807,0.022439526505404015,0.010087493566649511,5424,5159,265
IGI-LG756520111,core,0.65,semantic,centre,fixed,review,foreground_or_nonuniformity_on_border;outline_near_image_edge,17,17,165155,0.977364185110664,non_dark,9715,17.0,17.0,1.0,17,1.0,0.9895007720020587,0.988677303139475,14874,1407,13467
IGI-LG756520111,core,0.7,semantic,centre,fixed,review,foreground_or_nonuniformity_on_border;outline_near_image_edge,17,17,165155,0.977364185110664,dark,9715,0.0,4.0,0.23529411764705882,12,0.4577457539886773,0.06855378281008749,0.04529078744209985,6227,5455,772
IGI-LG756520111,core,0.7,semantic,centre,fixed,review,foreground_or_nonuniformity_on_border;outline_near_image_edge,17,17,165155,0.977364185110664,non_dark,9715,17.0,17.0,1.0,17,1.0,0.9830159547092125,0.9773546062789501,15170,1780,13390
IGI-LG756520111,core,0.6,semantic,centre,dynamic,review,foreground_or_nonuniformity_on_border;outline_near_image_edge,17,17,166722,0.977364185110664,dark,9940,0.0,3.0,0.17647058823529413,10,0.36841046277665995,0.004527162977867203,0.0026156941649899397,4689,4618,71
IGI-LG756520111,core,0.6,semantic,centre,dynamic,review,foreground_or_nonuniformity_on_border;outline_near_image_edge,17,17,166722,0.977364185110664,non_dark,9940,17.0,17.0,1.0,17,1.0,0.9930583501006036,0.9928571428571429,14783,1026,13757
IGI-LG756520111,core,0.65,semantic,centre,dynamic,review,foreground_or_nonuniformity_on_border;outline_near_image_edge,17,17,166722,0.977364185110664,dark,9940,0.0,3.0,0.17647058823529413,12,0.4079476861167002,0.024849094567404428,0.012776659959758551,5463,5168,295
IGI-LG756520111,core,0.65,semantic,centre,dynamic,review,foreground_or_nonuniformity_on_border;outline_near_image_edge,17,17,166722,0.977364185110664,non_dark,9940,17.0,17.0,1.0,17,1.0,0.989738430583501,0.9889336016096579,15329,1407,13922
IGI-LG756520111,core,0.7,semantic,centre,dynamic,review,foreground_or_nonuniformity_on_border;outline_near_image_edge,17,17,166722,0.977364185110664,dark,9940,0.0,4.0,0.23529411764705882,12,0.45301810865191144,0.07132796780684104,0.048591549295774646,6284,5468,816
IGI-LG756520111,core,0.7,semantic,centre,dynamic,review,foreground_or_nonuniformity_on_border;outline_near_image_edge,17,17,166722,0.977364185110664,non_dark,9940,17.0,17.0,1.0,17,1.0,0.9834004024144869,0.9778672032193159,15621,1780,13841
IGI-LG756520111,core,0.6,semantic,inner_step,fixed,review,foreground_or_nonuniformity_on_border;outline_near_image_edge,17,17,171938,0.9302796173657101,dark,10114,0.0,4.0,0.23529411764705882,11,0.39044888273680045,0.02471821237888076,0.01987344275262013,4705,4364,341
IGI-LG756520111,core,0.6,semantic,inner_step,fixed,review,foreground_or_nonuniformity_on_border;outline_near_image_edge,17,17,171938,0.9302796173657101,non_dark,10114,17.0,17.0,1.0,17,1.0,0.991496934941665,0.9905082064465098,14478,756,13722
IGI-LG756520111,core,0.65,semantic,inner_step,fixed,review,foreground_or_nonuniformity_on_border;outline_near_image_edge,17,17,171938,0.9302796173657101,dark,10114,0.0,6.0,0.35294117647058826,12,0.44789400830531934,0.036484081471228,0.028079889262408543,5527,5001,526
IGI-LG756520111,core,0.65,semantic,inner_step,fixed,review,foreground_or_nonuniformity_on_border;outline_near_image_edge,17,17,171938,0.9302796173657101,non_dark,10114,17.0,17.0,1.0,17,1.0,0.9864544196163734,0.9848724540241249,15115,997,14118
IGI-LG756520111,core,0.7,semantic,inner_step,fixed,review,foreground_or_nonuniformity_on_border;outline_near_image_edge,17,17,171938,0.9302796173657101,dark,10114,1.0,7.0,0.4117647058823529,12,0.5140399446312043,0.05260035594225826,0.04310856238876804,6490,5707,783
IGI-LG756520111,core,0.7,semantic,inner_step,fixed,review,foreground_or_nonuniformity_on_border;outline_near_image_edge,17,17,171938,0.9302796173657101,non_dark,10114,15.0,17.0,1.0,17,1.0,0.978643464504647,0.9769626260628831,15821,1291,14530
IGI-LG756520111,core,0.6,semantic,inner_step,dynamic,review,foreground_or_nonuniformity_on_border;outline_near_image_edge,17,17,177821,0.9302796173657101,dark,10872,0.0,4.0,0.23529411764705882,11,0.3794150110375276,0.03302060338484179,0.027961736571008096,4944,4456,488
IGI-LG756520111,core,0.6,semantic,inner_step,dynamic,review,foreground_or_nonuniformity_on_border;outline_near_image_edge,17,17,177821,0.9302796173657101,non_dark,10872,17.0,17.0,1.0,17,1.0,0.9920897718910964,0.9910779985283297,15892,787,15105
IGI-LG756520111,core,0.65,semantic,inner_step,dynamic,review,foreground_or_nonuniformity_on_border;outline_near_image_edge,17,17,177821,0.9302796173657101,dark,10872,0.0,6.0,0.35294117647058826,12,0.43497056659308314,0.04562178072111847,0.03743561442236939,5798,5099,699
IGI-LG756520111,core,0.65,semantic,inner_step,dynamic,review,foreground_or_nonuniformity_on_border;outline_near_image_edge,17,17,177821,0.9302796173657101,non_dark,10872,17.0,17.0,1.0,17,1.0,0.9873988226637234,0.9859271523178808,16525,1031,15494
IGI-LG756520111,core,0.7,semantic,inner_step,dynamic,review,foreground_or_nonuniformity_on_border;outline_near_image_edge,17,17,177821,0.9302796173657101,dark,10872,1.0,7.0,0.4117647058823529,12,0.5005518763796909,0.06456953642384106,0.05537159676232524,6815,5814,1001
IGI-LG756520111,core,0.7,semantic,inner_step,dynamic,review,foreground_or_nonuniformity_on_border;outline_near_image_edge,17,17,177821,0.9302796173657101,non_dark,10872,13.0,17.0,1.0,17,0.9997240618101545,0.97967255334805,0.9781089036055923,17216,1326,15890
IGI-LG756520111,core,0.6,semantic,middle_step,fixed,review,foreground_or_nonuniformity_on_border;outline_near_image_edge,17,17,109735,0.8461135142220475,dark,6455,0.0,7.0,0.4117647058823529,11,0.46692486444616577,0.04043377226955848,0.037180480247869865,3956,3561,395
IGI-LG756520111,core,0.6,semantic,middle_step,fixed,review,foreground_or_nonuniformity_on_border;outline_near_image_edge,17,17,109735,0.8461135142220475,non_dark,6455,17.0,17.0,1.0,17,1.0,0.961425251742835,0.9549186676994578,10016,942,9074
IGI-LG756520111,core,0.65,semantic,middle_step,fixed,review,foreground_or_nonuniformity_on_border;outline_near_image_edge,17,17,109735,0.8461135142220475,dark,6455,1.0,7.0,0.4117647058823529,17,0.5195972114639814,0.059953524399690164,0.053446940356312936,4436,3763,673
IGI-LG756520111,core,0.65,semantic,middle_step,fixed,review,foreground_or_nonuniformity_on_border;outline_near_image_edge,17,17,109735,0.8461135142220475,non_dark,6455,15.0,17.0,1.0,17,0.9998450813323005,0.9519752130131681,0.9450038729666925,10217,1082,9135
IGI-LG756520111,core,0.7,semantic,middle_step,fixed,review,foreground_or_nonuniformity_on_border;outline_near_image_edge,17,17,109735,0.8461135142220475,dark,6455,1.0,8.0,0.47058823529411764,17,0.5809450038729667,0.0895429899302866,0.0814872192099148,4966,3960,1006
IGI-LG756520111,core,0.7,semantic,middle_step,fixed,review,foreground_or_nonuniformity_on_border;outline_near_image_edge,17,17,109735,0.8461135142220475,non_dark,6455,13.0,17.0,1.0,17,0.9995352439969016,0.939426800929512,0.9304415182029434,10412,1216,9196
IGI-LG756520111,core,0.6,semantic,middle_step,dynamic,review,foreground_or_nonuniformity_on_border;outline_near_image_edge,17,17,119585,0.8461135142220475,dark,7629,0.0,6.0,0.35294117647058826,11,0.4337396775462053,0.05374229912177218,0.04967885699305283,4307,3723,584
IGI-LG756520111,core,0.6,semantic,middle_step,dynamic,review,foreground_or_nonuniformity_on_border;outline_near_image_edge,17,17,119585,0.8461135142220475,non_dark,7629,14.0,17.0,1.0,17,0.9986892122165422,0.9652641237383668,0.9597588150478438,12173,958,11215
IGI-LG756520111,core,0.65,semantic,middle_step,dynamic,review,foreground_or_nonuniformity_on_border;outline_near_image_edge,17,17,119585,0.8461135142220475,dark,7629,0.0,7.0,0.4117647058823529,17,0.4863022676628654,0.07641892777559313,0.06894743740988334,4873,3947,926
IGI-LG756520111,core,0.65,semantic,middle_step,dynamic,review,foreground_or_nonuniformity_on_border;outline_near_image_edge,17,17,119585,0.8461135142220475,non_dark,7629,12.0,17.0,1.0,17,0.9982959758815048,0.9567440031458907,0.9503211430069471,12370,1102,11268
IGI-LG756520111,core,0.7,semantic,middle_step,dynamic,review,foreground_or_nonuniformity_on_border;outline_near_image_edge,17,17,119585,0.8461135142220475,dark,7629,1.0,7.0,0.4117647058823529,17,0.5448944815834317,0.1053873377900118,0.09739153231091886,5497,4176,1321
IGI-LG756520111,core,0.7,semantic,middle_step,dynamic,review,foreground_or_nonuniformity_on_border;outline_near_image_edge,17,17,119585,0.8461135142220475,non_dark,7629,10.0,17.0,1.0,17,0.9979027395464675,0.9457333857648447,0.937606501507406,12585,1255,11330
IGI-LG756520111,core,0.6,semantic,outer_step,fixed,review,foreground_or_nonuniformity_on_border;outline_near_image_edge,17,17,104720,0.7453115547489413,dark,6160,0.0,2.0,0.11764705882352941,10,0.2573051948051948,0.0650974025974026,0.05162337662337663,2116,1594,522
IGI-LG756520111,core,0.6,semantic,outer_step,fixed,review,foreground_or_nonuniformity_on_border;outline_near_image_edge,17,17,104720,0.7453115547489413,non_dark,6160,17.0,17.0,1.0,17,1.0,0.9871753246753247,0.9863636363636363,7754,531,7223
IGI-LG756520111,core,0.65,semantic,outer_step,fixed,review,foreground_or_nonuniformity_on_border;outline_near_image_edge,17,17,104720,0.7453115547489413,dark,6160,0.0,3.0,0.17647058823529413,12,0.31931818181818183,0.09350649350649351,0.08311688311688312,2724,1968,756
IGI-LG756520111,core,0.65,semantic,outer_step,fixed,review,foreground_or_nonuniformity_on_border;outline_near_image_edge,17,17,104720,0.7453115547489413,non_dark,6160,17.0,17.0,1.0,17,1.0,0.9771103896103897,0.9748376623376623,8128,757,7371
IGI-LG756520111,core,0.7,semantic,outer_step,fixed,review,foreground_or_nonuniformity_on_border;outline_near_image_edge,17,17,104720,0.7453115547489413,dark,6160,0.0,3.0,0.17647058823529413,17,0.3832792207792208,0.12613636363636363,0.11071428571428571,3261,2248,1013
IGI-LG756520111,core,0.7,semantic,outer_step,fixed,review,foreground_or_nonuniformity_on_border;outline_near_image_edge,17,17,104720,0.7453115547489413,non_dark,6160,17.0,17.0,1.0,17,0.999512987012987,0.962012987012987,0.9568181818181818,8405,900,7505
IGI-LG756520111,core,0.6,semantic,outer_step,dynamic,review,foreground_or_nonuniformity_on_border;outline_near_image_edge,17,17,119100,0.7453115547489413,dark,7878,0.0,2.0,0.11764705882352941,10,0.2338156892612338,0.07006854531607007,0.057882711348057884,2452,1760,692
IGI-LG756520111,core,0.6,semantic,outer_step,dynamic,review,foreground_or_nonuniformity_on_border;outline_near_image_edge,17,17,119100,0.7453115547489413,non_dark,7878,17.0,17.0,1.0,17,0.9975882203604975,0.9865448083269865,0.984006092916984,11235,590,10645
IGI-LG756520111,core,0.65,semantic,outer_step,dynamic,review,foreground_or_nonuniformity_on_border;outline_near_image_edge,17,17,119100,0.7453115547489413,dark,7878,0.0,2.0,0.11764705882352941,12,0.2887788778877888,0.09812135059659813,0.08834729626808835,3120,2136,984
IGI-LG756520111,core,0.65,semantic,outer_step,dynamic,review,foreground_or_nonuniformity_on_border;outline_near_image_edge,17,17,119100,0.7453115547489413,non_dark,7878,17.0,17.0,1.0,17,0.9966996699669967,0.9774054328509774,0.9734704239654735,11586,817,10769
IGI-LG756520111,core,0.7,semantic,outer_step,dynamic,review,foreground_or_nonuniformity_on_border;outline_near_image_edge,17,17,119100,0.7453115547489413,dark,7878,0.0,3.0,0.17647058823529413,17,0.34691546077684693,0.12896674282812898,0.11551155115511551,3744,2441,1303
IGI-LG756520111,core,0.7,semantic,outer_step,dynamic,review,foreground_or_nonuniformity_on_border;outline_near_image_edge,17,17,119100,0.7453115547489413,non_dark,7878,16.0,17.0,1.0,17,0.9946686976389947,0.962934755013963,0.9572226453414572,11867,969,10898
IGI-LG756520111,wide,0.6,coarse,centre,fixed,review,foreground_or_nonuniformity_on_border;outline_near_image_edge,33,33,47652,1.0,dark,1444,0.0,2.0,0.06060606060606061,6,0.30886426592797783,0.054016620498614956,0.04986149584487535,534,455,79
IGI-LG756520111,wide,0.6,coarse,centre,fixed,review,foreground_or_nonuniformity_on_border;outline_near_image_edge,33,33,47652,1.0,non_dark,1444,33.0,33.0,1.0,33,1.0,0.9993074792243767,0.9993074792243767,1899,88,1811
IGI-LG756520111,wide,0.65,coarse,centre,fixed,review,foreground_or_nonuniformity_on_border;outline_near_image_edge,33,33,47652,1.0,dark,1444,0.0,3.0,0.09090909090909091,7,0.3926592797783934,0.06509695290858726,0.054016620498614956,699,603,96
IGI-LG756520111,wide,0.65,coarse,centre,fixed,review,foreground_or_nonuniformity_on_border;outline_near_image_edge,33,33,47652,1.0,non_dark,1444,33.0,33.0,1.0,33,1.0,0.9930747922437673,0.9930747922437673,2047,132,1915
IGI-LG756520111,wide,0.7,coarse,centre,fixed,review,foreground_or_nonuniformity_on_border;outline_near_image_edge,33,33,47652,1.0,dark,1444,0.0,4.0,0.12121212121212122,9,0.4868421052631579,0.0817174515235457,0.061634349030470915,893,773,120
IGI-LG756520111,wide,0.7,coarse,centre,fixed,review,foreground_or_nonuniformity_on_border;outline_near_image_edge,33,33,47652,1.0,non_dark,1444,33.0,33.0,1.0,33,1.0,0.9757617728531855,0.9757617728531855,2217,190,2027
IGI-LG756520111,wide,0.6,coarse,centre,dynamic,review,foreground_or_nonuniformity_on_border;outline_near_image_edge,33,33,47652,1.0,dark,1444,0.0,2.0,0.06060606060606061,6,0.30886426592797783,0.054016620498614956,0.04986149584487535,534,455,79
IGI-LG756520111,wide,0.6,coarse,centre,dynamic,review,foreground_or_nonuniformity_on_border;outline_near_image_edge,33,33,47652,1.0,non_dark,1444,33.0,33.0,1.0,33,1.0,0.9993074792243767,0.9993074792243767,1899,88,1811
IGI-LG756520111,wide,0.65,coarse,centre,dynamic,review,foreground_or_nonuniformity_on_border;outline_near_image_edge,33,33,47652,1.0,dark,1444,0.0,3.0,0.09090909090909091,7,0.3926592797783934,0.06509695290858726,0.054016620498614956,699,603,96
IGI-LG756520111,wide,0.65,coarse,centre,dynamic,review,foreground_or_nonuniformity_on_border;outline_near_image_edge,33,33,47652,1.0,non_dark,1444,33.0,33.0,1.0,33,1.0,0.9930747922437673,0.9930747922437673,2047,132,1915
IGI-LG756520111,wide,0.7,coarse,centre,dynamic,review,foreground_or_nonuniformity_on_border;outline_near_image_edge,33,33,47652,1.0,dark,1444,0.0,4.0,0.12121212121212122,9,0.4868421052631579,0.0817174515235457,0.061634349030470915,893,773,120
IGI-LG756520111,wide,0.7,coarse,centre,dynamic,review,foreground_or_nonuniformity_on_border;outline_near_image_edge,33,33,47652,1.0,non_dark,1444,33.0,33.0,1.0,33,1.0,0.9757617728531855,0.9757617728531855,2217,190,2027
IGI-LG756520111,wide,0.6,coarse,inner,fixed,review,foreground_or_nonuniformity_on_border;outline_near_image_edge,33,33,196416,1.0,dark,5952,0.0,3.0,0.09090909090909091,11,0.4388440860215054,0.03931451612903226,0.031754032258064516,3774,3491,283
IGI-LG756520111,wide,0.6,coarse,inner,fixed,review,foreground_or_nonuniformity_on_border;outline_near_image_edge,33,33,196416,1.0,non_dark,5952,33.0,33.0,1.0,33,1.0,0.9873991935483871,0.9855510752688172,9443,1162,8281
IGI-LG756520111,wide,0.65,coarse,inner,fixed,review,foreground_or_nonuniformity_on_border;outline_near_image_edge,33,33,196416,1.0,dark,5952,0.0,4.0,0.12121212121212122,14,0.49126344086021506,0.05325940860215054,0.03780241935483871,4709,4281,428
IGI-LG756520111,wide,0.65,coarse,inner,fixed,review,foreground_or_nonuniformity_on_border;outline_near_image_edge,33,33,196416,1.0,non_dark,5952,33.0,33.0,1.0,33,1.0,0.9674059139784946,0.9655577956989247,10233,1785,8448
IGI-LG756520111,wide,0.7,coarse,inner,fixed,review,foreground_or_nonuniformity_on_border;outline_near_image_edge,33,33,196416,1.0,dark,5952,1.0,4.0,0.12121212121212122,17,0.5441868279569892,0.06317204301075269,0.04939516129032258,5612,5038,574
IGI-LG756520111,wide,0.7,coarse,inner,fixed,review,foreground_or_nonuniformity_on_border;outline_near_image_edge,33,33,196416,1.0,non_dark,5952,30.0,33.0,1.0,33,1.0,0.9428763440860215,0.941364247311828,10990,2373,8617
IGI-LG756520111,wide,0.6,coarse,inner,dynamic,review,foreground_or_nonuniformity_on_border;outline_near_image_edge,33,33,196416,1.0,dark,5952,0.0,3.0,0.09090909090909091,11,0.4388440860215054,0.03931451612903226,0.031754032258064516,3774,3491,283
IGI-LG756520111,wide,0.6,coarse,inner,dynamic,review,foreground_or_nonuniformity_on_border;outline_near_image_edge,33,33,196416,1.0,non_dark,5952,33.0,33.0,1.0,33,1.0,0.9873991935483871,0.9855510752688172,9443,1162,8281
IGI-LG756520111,wide,0.65,coarse,inner,dynamic,review,foreground_or_nonuniformity_on_border;outline_near_image_edge,33,33,196416,1.0,dark,5952,0.0,4.0,0.12121212121212122,14,0.49126344086021506,0.05325940860215054,0.03780241935483871,4709,4281,428
IGI-LG756520111,wide,0.65,coarse,inner,dynamic,review,foreground_or_nonuniformity_on_border;outline_near_image_edge,33,33,196416,1.0,non_dark,5952,33.0,33.0,1.0,33,1.0,0.9674059139784946,0.9655577956989247,10233,1785,8448
IGI-LG756520111,wide,0.7,coarse,inner,dynamic,review,foreground_or_nonuniformity_on_border;outline_near_image_edge,33,33,196416,1.0,dark,5952,1.0,4.0,0.12121212121212122,17,0.5441868279569892,0.06317204301075269,0.04939516129032258,5612,5038,574
IGI-LG756520111,wide,0.7,coarse,inner,dynamic,review,foreground_or_nonuniformity_on_border;outline_near_image_edge,33,33,196416,1.0,non_dark,5952,30.0,33.0,1.0,33,1.0,0.9428763440860215,0.941364247311828,10990,2373,8617
IGI-LG756520111,wide,0.6,coarse,middle,fixed,review,foreground_or_nonuniformity_on_border;outline_near_image_edge,33,33,348480,1.0,dark,10560,0.0,4.0,0.12121212121212122,16,0.49176136363636364,0.08210227272727273,0.05160984848484849,8470,7010,1460
IGI-LG756520111,wide,0.6,coarse,middle,fixed,review,foreground_or_nonuniformity_on_border;outline_near_image_edge,33,33,348480,1.0,non_dark,10560,33.0,33.0,1.0,33,1.0,0.9411931818181818,0.9353219696969697,17570,3277,14293
IGI-LG756520111,wide,0.65,coarse,middle,fixed,review,foreground_or_nonuniformity_on_border;outline_near_image_edge,33,33,348480,1.0,dark,10560,1.0,5.0,0.15151515151515152,16,0.5649621212121212,0.10303030303030303,0.07291666666666667,9979,8150,1829
IGI-LG756520111,wide,0.65,coarse,middle,fixed,review,foreground_or_nonuniformity_on_border;outline_near_image_edge,33,33,348480,1.0,non_dark,10560,28.0,33.0,1.0,33,1.0,0.9180871212121212,0.9117424242424242,18710,4013,14697
IGI-LG756520111,wide,0.7,coarse,middle,fixed,review,foreground_or_nonuniformity_on_border;outline_near_image_edge,33,33,348480,1.0,dark,10560,1.0,7.0,0.21212121212121213,17,0.6392045454545454,0.11505681818181818,0.08077651515151515,12167,9844,2323
IGI-LG756520111,wide,0.7,coarse,middle,fixed,review,foreground_or_nonuniformity_on_border;outline_near_image_edge,33,33,348480,1.0,non_dark,10560,23.0,33.0,1.0,33,1.0,0.8754734848484849,0.8679924242424243,20404,5417,14987
IGI-LG756520111,wide,0.6,coarse,middle,dynamic,review,foreground_or_nonuniformity_on_border;outline_near_image_edge,33,33,348480,1.0,dark,10560,0.0,4.0,0.12121212121212122,16,0.49176136363636364,0.08210227272727273,0.05160984848484849,8470,7010,1460
IGI-LG756520111,wide,0.6,coarse,middle,dynamic,review,foreground_or_nonuniformity_on_border;outline_near_image_edge,33,33,348480,1.0,non_dark,10560,33.0,33.0,1.0,33,1.0,0.9411931818181818,0.9353219696969697,17570,3277,14293
IGI-LG756520111,wide,0.65,coarse,middle,dynamic,review,foreground_or_nonuniformity_on_border;outline_near_image_edge,33,33,348480,1.0,dark,10560,1.0,5.0,0.15151515151515152,16,0.5649621212121212,0.10303030303030303,0.07291666666666667,9979,8150,1829
IGI-LG756520111,wide,0.65,coarse,middle,dynamic,review,foreground_or_nonuniformity_on_border;outline_near_image_edge,33,33,348480,1.0,non_dark,10560,28.0,33.0,1.0,33,1.0,0.9180871212121212,0.9117424242424242,18710,4013,14697
IGI-LG756520111,wide,0.7,coarse,middle,dynamic,review,foreground_or_nonuniformity_on_border;outline_near_image_edge,33,33,348480,1.0,dark,10560,1.0,7.0,0.21212121212121213,17,0.6392045454545454,0.11505681818181818,0.08077651515151515,12167,9844,2323
IGI-LG756520111,wide,0.7,coarse,middle,dynamic,review,foreground_or_nonuniformity_on_border;outline_near_image_edge,33,33,348480,1.0,non_dark,10560,23.0,33.0,1.0,33,1.0,0.8754734848484849,0.8679924242424243,20404,5417,14987
IGI-LG756520111,wide,0.6,coarse,outer,fixed,review,foreground_or_nonuniformity_on_border;outline_near_image_edge,33,33,469062,0.816474237463381,dark,14214,1.0,5.0,0.15151515151515152,16,0.5194174757281553,0.0675390460109751,0.05086534402701562,11883,10084,1799
IGI-LG756520111,wide,0.6,coarse,outer,fixed,review,foreground_or_nonuniformity_on_border;outline_near_image_edge,33,33,469062,0.816474237463381,non_dark,14214,32.0,33.0,1.0,33,1.0,0.9485718305895596,0.9330941325453778,24298,4500,19798
IGI-LG756520111,wide,0.65,coarse,outer,fixed,review,foreground_or_nonuniformity_on_border;outline_near_image_edge,33,33,469062,0.816474237463381,dark,14214,1.0,7.0,0.21212121212121213,19,0.5882932320247644,0.08526804558885606,0.06310679611650485,14301,12000,2301
IGI-LG756520111,wide,0.65,coarse,outer,fixed,review,foreground_or_nonuniformity_on_border;outline_near_image_edge,33,33,469062,0.816474237463381,non_dark,14214,28.0,33.0,1.0,33,1.0,0.9172646686365555,0.9033347403967918,26214,5939,20275
IGI-LG756520111,wide,0.7,coarse,outer,fixed,review,foreground_or_nonuniformity_on_border;outline_near_image_edge,33,33,469062,0.816474237463381,dark,14214,2.0,7.0,0.21212121212121213,20,0.667581257914732,0.10285633882088083,0.07971014492753623,17425,14470,2955
IGI-LG756520111,wide,0.7,coarse,outer,fixed,review,foreground_or_nonuniformity_on_border;outline_near_image_edge,33,33,469062,0.816474237463381,non_dark,14214,23.0,33.0,1.0,33,1.0,0.8641480230758407,0.8539468130012664,28684,7936,20748
IGI-LG756520111,wide,0.6,coarse,outer,dynamic,review,foreground_or_nonuniformity_on_border;outline_near_image_edge,33,33,530103,0.816474237463381,dark,17014,0.0,5.0,0.15151515151515152,16,0.47284589161866697,0.062477959327612555,0.047960503115081696,13030,11081,1949
IGI-LG756520111,wide,0.6,coarse,outer,dynamic,review,foreground_or_nonuniformity_on_border;outline_near_image_edge,33,33,530103,0.816474237463381,non_dark,17014,28.0,33.0,1.0,33,0.999764899494534,0.9536264252968144,0.940284471611614,30034,4932,25102
IGI-LG756520111,wide,0.65,coarse,outer,dynamic,review,foreground_or_nonuniformity_on_border;outline_near_image_edge,33,33,530103,0.816474237463381,dark,17014,1.0,6.0,0.18181818181818182,19,0.5392617844128365,0.07981662160573645,0.060303279652051255,15774,13245,2529
IGI-LG756520111,wide,0.65,coarse,outer,dynamic,review,foreground_or_nonuniformity_on_border;outline_near_image_edge,33,33,530103,0.816474237463381,non_dark,17014,24.0,33.0,1.0,33,0.9995885741154343,0.9251792641354178,0.9128952627248148,32192,6527,25665
IGI-LG756520111,wide,0.7,coarse,outer,dynamic,review,foreground_or_nonuniformity_on_border;outline_near_image_edge,33,33,530103,0.816474237463381,dark,17014,1.0,7.0,0.21212121212121213,22,0.6146702715410838,0.09774303514752557,0.07717174091924298,19187,15921,3266
IGI-LG756520111,wide,0.7,coarse,outer,dynamic,review,foreground_or_nonuniformity_on_border;outline_near_image_edge,33,33,530103,0.816474237463381,non_dark,17014,22.0,33.0,1.0,33,0.9993534736099683,0.8785118138003997,0.8689314682026567,34861,8640,26221
IGI-LG756520111,wide,0.6,semantic,centre,fixed,review,foreground_or_nonuniformity_on_border;outline_near_image_edge,33,33,306438,0.9228781554362949,dark,9286,0.0,3.0,0.09090909090909091,11,0.45337066551798405,0.06601335343527892,0.03952186086581951,7152,6121,1031
IGI-LG756520111,wide,0.6,semantic,centre,fixed,review,foreground_or_nonuniformity_on_border;outline_near_image_edge,33,33,306438,0.9228781554362949,non_dark,9286,33.0,33.0,1.0,33,1.0,0.9540167994830928,0.9524014645703209,15407,2942,12465
IGI-LG756520111,wide,0.65,semantic,centre,fixed,review,foreground_or_nonuniformity_on_border;outline_near_image_edge,33,33,306438,0.9228781554362949,dark,9286,1.0,4.0,0.12121212121212122,14,0.5057075166917941,0.08808959724316175,0.058044367865604136,8393,7102,1291
IGI-LG756520111,wide,0.65,semantic,centre,fixed,review,foreground_or_nonuniformity_on_border;outline_near_image_edge,33,33,306438,0.9228781554362949,non_dark,9286,32.0,33.0,1.0,33,1.0,0.935063536506569,0.9336635795821667,16388,3697,12691
IGI-LG756520111,wide,0.7,semantic,centre,fixed,review,foreground_or_nonuniformity_on_border;outline_near_image_edge,33,33,306438,0.9228781554362949,dark,9286,1.0,5.0,0.15151515151515152,17,0.5580443678656042,0.10122765453370665,0.06665948740038768,9710,8135,1575
IGI-LG756520111,wide,0.7,semantic,centre,fixed,review,foreground_or_nonuniformity_on_border;outline_near_image_edge,33,33,306438,0.9228781554362949,non_dark,9286,28.0,33.0,1.0,33,1.0,0.9008184363558044,0.8990954124488477,17421,4528,12893
IGI-LG756520111,wide,0.6,semantic,centre,dynamic,review,foreground_or_nonuniformity_on_border;outline_near_image_edge,33,33,323474,0.9228781554362949,dark,10062,0.0,3.0,0.09090909090909091,11,0.45100377658517193,0.06827668455575432,0.04303319419598489,7592,6456,1136
IGI-LG756520111,wide,0.6,semantic,centre,dynamic,review,foreground_or_nonuniformity_on_border;outline_near_image_edge,33,33,323474,0.9228781554362949,non_dark,10062,33.0,33.0,1.0,33,1.0,0.9545815941164778,0.9524945338898827,16963,3032,13931
IGI-LG756520111,wide,0.65,semantic,centre,dynamic,review,foreground_or_nonuniformity_on_border;outline_near_image_edge,33,33,323474,0.9228781554362949,dark,10062,1.0,4.0,0.12121212121212122,14,0.5062611806797853,0.09292387199363944,0.06400318028225005,8989,7539,1450
IGI-LG756520111,wide,0.65,semantic,centre,dynamic,review,foreground_or_nonuniformity_on_border;outline_near_image_edge,33,33,323474,0.9228781554362949,non_dark,10062,30.0,33.0,1.0,33,1.0,0.9357980520771219,0.934307294772411,18043,3868,14175
IGI-LG756520111,wide,0.7,semantic,centre,dynamic,review,foreground_or_nonuniformity_on_border;outline_near_image_edge,33,33,323474,0.9228781554362949,dark,10062,1.0,5.0,0.15151515151515152,17,0.5605247465712582,0.10743390975949116,0.07155635062611806,10446,8668,1778
IGI-LG756520111,wide,0.7,semantic,centre,dynamic,review,foreground_or_nonuniformity_on_border;outline_near_image_edge,33,33,323474,0.9228781554362949,non_dark,10062,26.0,33.0,1.0,33,1.0,0.9026038560922282,0.9009143311468892,19165,4773,14392
IGI-LG756520111,wide,0.6,semantic,inner_step,fixed,review,foreground_or_nonuniformity_on_border;outline_near_image_edge,33,33,293403,0.7963278101209136,dark,8891,0.0,5.0,0.15151515151515152,16,0.4523675627038578,0.04690136092677989,0.03542908559217186,5680,4932,748
IGI-LG756520111,wide,0.6,semantic,inner_step,fixed,review,foreground_or_nonuniformity_on_border;outline_near_image_edge,33,33,293403,0.7963278101209136,non_dark,8891,33.0,33.0,1.0,33,1.0,0.9763806096052188,0.9644584411202339,13823,1658,12165
IGI-LG756520111,wide,0.65,semantic,inner_step,fixed,review,foreground_or_nonuniformity_on_border;outline_near_image_edge,33,33,293403,0.7963278101209136,dark,8891,1.0,7.0,0.21212121212121213,16,0.5282870318299404,0.058823529411764705,0.0465639410639973,7019,5998,1021
IGI-LG756520111,wide,0.65,semantic,inner_step,fixed,review,foreground_or_nonuniformity_on_border;outline_near_image_edge,33,33,293403,0.7963278101209136,non_dark,8891,31.0,33.0,1.0,33,1.0,0.9514115397593071,0.9423012034641772,14889,2322,12567
IGI-LG756520111,wide,0.7,semantic,inner_step,fixed,review,foreground_or_nonuniformity_on_border;outline_near_image_edge,33,33,293403,0.7963278101209136,dark,8891,1.0,7.0,0.21212121212121213,19,0.6124170509503993,0.06939601844561917,0.054886964345967834,8865,7591,1274
IGI-LG756520111,wide,0.7,semantic,inner_step,fixed,review,foreground_or_nonuniformity_on_border;outline_near_image_edge,33,33,293403,0.7963278101209136,non_dark,8891,25.0,33.0,1.0,33,1.0,0.9151951411539759,0.9070970644471938,16482,3420,13062
IGI-LG756520111,wide,0.6,semantic,inner_step,dynamic,review,foreground_or_nonuniformity_on_border;outline_near_image_edge,33,33,335777,0.7963278101209136,dark,11165,0.0,4.0,0.12121212121212122,16,0.4329601433049709,0.06206896551724138,0.050604567845947156,6653,5591,1062
IGI-LG756520111,wide,0.6,semantic,inner_step,dynamic,review,foreground_or_nonuniformity_on_border;outline_near_image_edge,33,33,335777,0.7963278101209136,non_dark,11165,28.0,33.0,1.0,33,0.9988356471115092,0.9784146887595163,0.9684729064039409,18382,1795,16587
IGI-LG756520111,wide,0.65,semantic,inner_step,dynamic,review,foreground_or_nonuniformity_on_border;outline_near_image_edge,33,33,335777,0.7963278101209136,dark,11165,1.0,5.0,0.15151515151515152,16,0.5117778772951187,0.0761307657859382,0.06296462158531124,8363,6942,1421
IGI-LG756520111,wide,0.65,semantic,inner_step,dynamic,review,foreground_or_nonuniformity_on_border;outline_near_image_edge,33,33,335777,0.7963278101209136,non_dark,11165,22.0,33.0,1.0,33,0.9983878190774742,0.9557545902373489,0.9475145544111061,19718,2596,17122
IGI-LG756520111,wide,0.7,semantic,inner_step,dynamic,review,foreground_or_nonuniformity_on_border;outline_near_image_edge,33,33,335777,0.7963278101209136,dark,11165,1.0,6.0,0.18181818181818182,19,0.599462606359158,0.0922525750111957,0.07586206896551724,10658,8809,1849
IGI-LG756520111,wide,0.7,semantic,inner_step,dynamic,review,foreground_or_nonuniformity_on_border;outline_near_image_edge,33,33,335777,0.7963278101209136,non_dark,11165,20.0,33.0,1.0,33,0.9970443349753695,0.9233318405732199,0.9141065830721004,21547,3834,17713
IGI-LG756520111,wide,0.6,semantic,middle_step,fixed,review,foreground_or_nonuniformity_on_border;outline_near_image_edge,33,33,174933,0.6020442930153322,dark,5301,1.0,7.0,0.21212121212121213,11,0.6044142614601019,0.062063761554423696,0.038483305036785515,5304,4543,761
IGI-LG756520111,wide,0.6,semantic,middle_step,fixed,review,foreground_or_nonuniformity_on_border;outline_near_image_edge,33,33,174933,0.6020442930153322,non_dark,5301,22.0,33.0,1.0,33,1.0,0.9571778909639691,0.92661761931711,9844,2100,7744
IGI-LG756520111,wide,0.65,semantic,middle_step,fixed,review,foreground_or_nonuniformity_on_border;outline_near_image_edge,33,33,174933,0.6020442930153322,dark,5301,2.0,8.0,0.24242424242424243,19,0.6676098849273722,0.07187323146576118,0.04546312016600641,6106,5181,925
IGI-LG756520111,wide,0.65,semantic,middle_step,fixed,review,foreground_or_nonuniformity_on_border;outline_near_image_edge,33,33,174933,0.6020442930153322,non_dark,5301,19.0,33.0,1.0,33,1.0,0.9345406527070365,0.9045463120166006,10482,2567,7915
IGI-LG756520111,wide,0.7,semantic,middle_step,fixed,review,foreground_or_nonuniformity_on_border;outline_near_image_edge,33,33,174933,0.6020442930153322,dark,5301,3.0,8.0,0.24242424242424243,20,0.7481607243916242,0.07998490850782872,0.05225429164308621,7304,6105,1199
IGI-LG756520111,wide,0.7,semantic,middle_step,fixed,review,foreground_or_nonuniformity_on_border;outline_near_image_edge,33,33,174933,0.6020442930153322,non_dark,5301,18.0,33.0,1.0,33,1.0,0.8751179022825882,0.855121675155631,11406,3338,8068
IGI-LG756520111,wide,0.6,semantic,middle_step,dynamic,review,foreground_or_nonuniformity_on_border;outline_near_image_edge,33,33,235227,0.6020442930153322,dark,8805,0.0,6.0,0.18181818181818182,11,0.46802952867688813,0.07189097103918228,0.054514480408858604,6652,5507,1145
IGI-LG756520111,wide,0.6,semantic,middle_step,dynamic,review,foreground_or_nonuniformity_on_border;outline_near_image_edge,33,33,235227,0.6020442930153322,non_dark,8805,17.0,33.0,1.0,33,0.9996592844974447,0.9643384440658717,0.9449176604202157,17095,2504,14591
IGI-LG756520111,wide,0.65,semantic,middle_step,dynamic,review,foreground_or_nonuniformity_on_border;outline_near_image_edge,33,33,235227,0.6020442930153322,dark,8805,1.0,7.0,0.21212121212121213,19,0.5268597387847814,0.08710959681998864,0.06643952299829642,7809,6359,1450
IGI-LG756520111,wide,0.65,semantic,middle_step,dynamic,review,foreground_or_nonuniformity_on_border;outline_near_image_edge,33,33,235227,0.6020442930153322,non_dark,8805,16.0,33.0,1.0,33,0.9995457126632595,0.9480976717773992,0.9284497444633731,17929,3105,14824
IGI-LG756520111,wide,0.7,semantic,middle_step,dynamic,review,foreground_or_nonuniformity_on_border;outline_near_image_edge,33,33,235227,0.6020442930153322,dark,8805,1.0,7.0,0.21212121212121213,20,0.5978421351504827,0.10357751277683135,0.08052243043725156,9359,7464,1895
IGI-LG756520111,wide,0.7,semantic,middle_step,dynamic,review,foreground_or_nonuniformity_on_border;outline_near_image_edge,33,33,235227,0.6020442930153322,non_dark,8805,16.0,33.0,1.0,33,0.9992049971607041,0.9082339579784213,0.8947189097103918,19007,3985,15022
IGI-LG756520111,wide,0.6,semantic,outer_step,fixed,review,foreground_or_nonuniformity_on_border;outline_near_image_edge,33,33,145596,0.4589618225319879,dark,4412,0.0,3.0,0.09090909090909091,13,0.44220308250226653,0.07320942883046237,0.06300997280145058,3152,2689,463
IGI-LG756520111,wide,0.6,semantic,outer_step,fixed,review,foreground_or_nonuniformity_on_border;outline_near_image_edge,33,33,145596,0.4589618225319879,non_dark,4412,33.0,33.0,1.0,33,1.0,0.9390299184043518,0.9385766092475069,7101,1201,5900
IGI-LG756520111,wide,0.65,semantic,outer_step,fixed,review,foreground_or_nonuniformity_on_border;outline_near_image_edge,33,33,145596,0.4589618225319879,dark,4412,1.0,4.0,0.12121212121212122,15,0.5151858567543064,0.10448776065276519,0.0829555757026292,3863,3224,639
IGI-LG756520111,wide,0.65,semantic,outer_step,fixed,review,foreground_or_nonuniformity_on_border;outline_near_image_edge,33,33,145596,0.4589618225319879,non_dark,4412,32.0,33.0,1.0,33,1.0,0.9116047144152312,0.9102447869446962,7636,1590,6046
IGI-LG756520111,wide,0.7,semantic,outer_step,fixed,review,foreground_or_nonuniformity_on_border;outline_near_image_edge,33,33,145596,0.4589618225319879,dark,4412,1.0,5.0,0.15151515151515152,19,0.5893019038984587,0.13667271078875792,0.11400725294650951,4844,3951,893
IGI-LG756520111,wide,0.7,semantic,outer_step,fixed,review,foreground_or_nonuniformity_on_border;outline_near_image_edge,33,33,145596,0.4589618225319879,non_dark,4412,29.0,33.0,1.0,33,1.0,0.8624206708975521,0.8590208522212148,8363,2244,6119
IGI-LG756520111,wide,0.6,semantic,outer_step,dynamic,review,foreground_or_nonuniformity_on_border;outline_near_image_edge,33,33,228173,0.4589618225319879,dark,9218,0.0,3.0,0.09090909090909091,13,0.3476893035365589,0.08233890214797136,0.07441961379908874,5064,4029,1035
IGI-LG756520111,wide,0.6,semantic,outer_step,dynamic,review,foreground_or_nonuniformity_on_border;outline_near_image_edge,33,33,228173,0.4589618225319879,non_dark,9218,21.0,33.0,1.0,33,0.9978303319592102,0.9618138424821002,0.9607290084617054,17393,1712,15681
IGI-LG756520111,wide,0.65,semantic,outer_step,dynamic,review,foreground_or_nonuniformity_on_border;outline_near_image_edge,33,33,228173,0.4589618225319879,dark,9218,0.0,3.0,0.09090909090909091,16,0.4127793447602517,0.1134736385333044,0.09991321327836841,6261,4848,1413
IGI-LG756520111,wide,0.65,semantic,outer_step,dynamic,review,foreground_or_nonuniformity_on_border;outline_near_image_edge,33,33,228173,0.4589618225319879,non_dark,9218,20.0,33.0,1.0,33,0.9963115643306574,0.9426122803211109,0.9407680624864396,18143,2259,15884
IGI-LG756520111,wide,0.7,semantic,outer_step,dynamic,review,foreground_or_nonuniformity_on_border;outline_near_image_edge,33,33,228173,0.4589618225319879,dark,9218,0.0,4.0,0.12121212121212122,22,0.48166630505532654,0.14829681058798003,0.13310913430245172,7792,5869,1923
IGI-LG756520111,wide,0.7,semantic,outer_step,dynamic,review,foreground_or_nonuniformity_on_border;outline_near_image_edge,33,33,228173,0.4589618225319879,non_dark,9218,18.0,33.0,1.0,33,0.995118246908223,0.9125623779561727,0.9085484920807116,19078,3039,16039
IGI-LG818659722,core,0.6,coarse,centre,fixed,review,foreground_or_nonuniformity_on_border;outline_near_image_edge,17,17,24548,1.0,dark,1444,0.0,6.0,0.35294117647058826,12,0.43836565096952906,0.00554016620498615,0.004847645429362881,784,776,8
IGI-LG818659722,core,0.6,coarse,centre,fixed,review,foreground_or_nonuniformity_on_border;outline_near_image_edge,17,17,24548,1.0,non_dark,1444,17.0,17.0,1.0,17,1.0,0.9965373961218836,0.9965373961218836,2220,151,2069
IGI-LG818659722,core,0.65,coarse,centre,fixed,review,foreground_or_nonuniformity_on_border;outline_near_image_edge,17,17,24548,1.0,dark,1444,1.0,7.0,0.4117647058823529,12,0.5837950138504155,0.01662049861495845,0.013157894736842105,1137,1110,27
IGI-LG818659722,core,0.65,coarse,centre,fixed,review,foreground_or_nonuniformity_on_border;outline_near_image_edge,17,17,24548,1.0,non_dark,1444,11.0,17.0,1.0,17,1.0,0.9861495844875346,0.9806094182825484,2554,294,2260
IGI-LG818659722,core,0.7,coarse,centre,fixed,review,foreground_or_nonuniformity_on_border;outline_near_image_edge,17,17,24548,1.0,dark,1444,1.0,12.0,0.7058823529411765,13,0.6668975069252078,0.07132963988919667,0.014542936288088643,1386,1225,161
IGI-LG818659722,core,0.7,coarse,centre,fixed,review,foreground_or_nonuniformity_on_border;outline_near_image_edge,17,17,24548,1.0,non_dark,1444,10.0,17.0,1.0,17,1.0,0.9702216066481995,0.96398891966759,2669,423,2246
IGI-LG818659722,core,0.6,coarse,centre,dynamic,review,foreground_or_nonuniformity_on_border;outline_near_image_edge,17,17,24548,1.0,dark,1444,0.0,6.0,0.35294117647058826,12,0.43836565096952906,0.00554016620498615,0.004847645429362881,784,776,8
IGI-LG818659722,core,0.6,coarse,centre,dynamic,review,foreground_or_nonuniformity_on_border;outline_near_image_edge,17,17,24548,1.0,non_dark,1444,17.0,17.0,1.0,17,1.0,0.9965373961218836,0.9965373961218836,2220,151,2069
IGI-LG818659722,core,0.65,coarse,centre,dynamic,review,foreground_or_nonuniformity_on_border;outline_near_image_edge,17,17,24548,1.0,dark,1444,1.0,7.0,0.4117647058823529,12,0.5837950138504155,0.01662049861495845,0.013157894736842105,1137,1110,27
IGI-LG818659722,core,0.65,coarse,centre,dynamic,review,foreground_or_nonuniformity_on_border;outline_near_image_edge,17,17,24548,1.0,non_dark,1444,11.0,17.0,1.0,17,1.0,0.9861495844875346,0.9806094182825484,2554,294,2260
IGI-LG818659722,core,0.7,coarse,centre,dynamic,review,foreground_or_nonuniformity_on_border;outline_near_image_edge,17,17,24548,1.0,dark,1444,1.0,12.0,0.7058823529411765,13,0.6668975069252078,0.07132963988919667,0.014542936288088643,1386,1225,161
IGI-LG818659722,core,0.7,coarse,centre,dynamic,review,foreground_or_nonuniformity_on_border;outline_near_image_edge,17,17,24548,1.0,non_dark,1444,10.0,17.0,1.0,17,1.0,0.9702216066481995,0.96398891966759,2669,423,2246
IGI-LG818659722,core,0.6,coarse,inner,fixed,review,foreground_or_nonuniformity_on_border;outline_near_image_edge,17,17,101184,1.0,dark,5952,1.0,4.0,0.23529411764705882,12,0.6796034946236559,0.055443548387096774,0.01747311827956989,7177,6296,881
IGI-LG818659722,core,0.6,coarse,inner,fixed,review,foreground_or_nonuniformity_on_border;outline_near_image_edge,17,17,101184,1.0,non_dark,5952,11.0,17.0,1.0,17,1.0,0.8966733870967742,0.8926411290322581,12248,3132,9116
IGI-LG818659722,core,0.65,coarse,inner,fixed,review,foreground_or_nonuniformity_on_border;outline_near_image_edge,17,17,101184,1.0,dark,5952,2.0,6.0,0.35294117647058826,13,0.7815860215053764,0.05359543010752688,0.010584677419354838,8581,7604,977
IGI-LG818659722,core,0.65,coarse,inner,fixed,review,foreground_or_nonuniformity_on_border;outline_near_image_edge,17,17,101184,1.0,non_dark,5952,10.0,17.0,1.0,17,1.0,0.8560147849462365,0.8501344086021505,13556,3929,9627
IGI-LG818659722,core,0.7,coarse,inner,fixed,review,foreground_or_nonuniformity_on_border;outline_near_image_edge,17,17,101184,1.0,dark,5952,2.0,8.0,0.47058823529411764,13,0.8781922043010753,0.0552755376344086,0.008400537634408602,9942,8765,1177
IGI-LG818659722,core,0.7,coarse,inner,fixed,review,foreground_or_nonuniformity_on_border;outline_near_image_edge,17,17,101184,1.0,non_dark,5952,9.0,17.0,1.0,17,1.0,0.8015793010752689,0.7867943548387096,14717,4715,10002
IGI-LG818659722,core,0.6,coarse,inner,dynamic,review,foreground_or_nonuniformity_on_border;outline_near_image_edge,17,17,101184,1.0,dark,5952,1.0,4.0,0.23529411764705882,12,0.6796034946236559,0.055443548387096774,0.01747311827956989,7177,6296,881
IGI-LG818659722,core,0.6,coarse,inner,dynamic,review,foreground_or_nonuniformity_on_border;outline_near_image_edge,17,17,101184,1.0,non_dark,5952,11.0,17.0,1.0,17,1.0,0.8966733870967742,0.8926411290322581,12248,3132,9116
IGI-LG818659722,core,0.65,coarse,inner,dynamic,review,foreground_or_nonuniformity_on_border;outline_near_image_edge,17,17,101184,1.0,dark,5952,2.0,6.0,0.35294117647058826,13,0.7815860215053764,0.05359543010752688,0.010584677419354838,8581,7604,977
IGI-LG818659722,core,0.65,coarse,inner,dynamic,review,foreground_or_nonuniformity_on_border;outline_near_image_edge,17,17,101184,1.0,non_dark,5952,10.0,17.0,1.0,17,1.0,0.8560147849462365,0.8501344086021505,13556,3929,9627
IGI-LG818659722,core,0.7,coarse,inner,dynamic,review,foreground_or_nonuniformity_on_border;outline_near_image_edge,17,17,101184,1.0,dark,5952,2.0,8.0,0.47058823529411764,13,0.8781922043010753,0.0552755376344086,0.008400537634408602,9942,8765,1177
IGI-LG818659722,core,0.7,coarse,inner,dynamic,review,foreground_or_nonuniformity_on_border;outline_near_image_edge,17,17,101184,1.0,non_dark,5952,9.0,17.0,1.0,17,1.0,0.8015793010752689,0.7867943548387096,14717,4715,10002
IGI-LG818659722,core,0.6,coarse,middle,fixed,review,foreground_or_nonuniformity_on_border;outline_near_image_edge,17,17,179520,1.0,dark,10560,0.0,3.0,0.17647058823529413,13,0.4949810606060606,0.013352272727272727,0.011931818181818182,8383,7999,384
IGI-LG818659722,core,0.6,coarse,middle,fixed,review,foreground_or_nonuniformity_on_border;outline_near_image_edge,17,17,179520,1.0,non_dark,10560,17.0,17.0,1.0,17,1.0,0.9535984848484849,0.9429924242424242,18559,3156,15403
IGI-LG818659722,core,0.65,coarse,middle,fixed,review,foreground_or_nonuniformity_on_border;outline_near_image_edge,17,17,179520,1.0,dark,10560,1.0,4.0,0.23529411764705882,13,0.5592803030303031,0.017329545454545455,0.01571969696969697,9629,9135,494
IGI-LG818659722,core,0.65,coarse,middle,fixed,review,foreground_or_nonuniformity_on_border;outline_near_image_edge,17,17,179520,1.0,non_dark,10560,13.0,17.0,1.0,17,1.0,0.9457386363636363,0.9306818181818182,19695,3723,15972
IGI-LG818659722,core,0.7,coarse,middle,fixed,review,foreground_or_nonuniformity_on_border;outline_near_image_edge,17,17,179520,1.0,dark,10560,1.0,5.0,0.29411764705882354,13,0.6233901515151515,0.02452651515151515,0.022821969696969698,10763,10119,644
IGI-LG818659722,core,0.7,coarse,middle,fixed,review,foreground_or_nonuniformity_on_border;outline_near_image_edge,17,17,179520,1.0,non_dark,10560,12.0,17.0,1.0,17,1.0,0.931155303030303,0.9145833333333333,20679,4180,16499
IGI-LG818659722,core,0.6,coarse,middle,dynamic,review,foreground_or_nonuniformity_on_border;outline_near_image_edge,17,17,179520,1.0,dark,10560,0.0,3.0,0.17647058823529413,13,0.4949810606060606,0.013352272727272727,0.011931818181818182,8383,7999,384
IGI-LG818659722,core,0.6,coarse,middle,dynamic,review,foreground_or_nonuniformity_on_border;outline_near_image_edge,17,17,179520,1.0,non_dark,10560,17.0,17.0,1.0,17,1.0,0.9535984848484849,0.9429924242424242,18559,3156,15403
IGI-LG818659722,core,0.65,coarse,middle,dynamic,review,foreground_or_nonuniformity_on_border;outline_near_image_edge,17,17,179520,1.0,dark,10560,1.0,4.0,0.23529411764705882,13,0.5592803030303031,0.017329545454545455,0.01571969696969697,9629,9135,494
IGI-LG818659722,core,0.65,coarse,middle,dynamic,review,foreground_or_nonuniformity_on_border;outline_near_image_edge,17,17,179520,1.0,non_dark,10560,13.0,17.0,1.0,17,1.0,0.9457386363636363,0.9306818181818182,19695,3723,15972
IGI-LG818659722,core,0.7,coarse,middle,dynamic,review,foreground_or_nonuniformity_on_border;outline_near_image_edge,17,17,179520,1.0,dark,10560,1.0,5.0,0.29411764705882354,13,0.6233901515151515,0.02452651515151515,0.022821969696969698,10763,10119,644
IGI-LG818659722,core,0.7,coarse,middle,dynamic,review,foreground_or_nonuniformity_on_border;outline_near_image_edge,17,17,179520,1.0,non_dark,10560,12.0,17.0,1.0,17,1.0,0.931155303030303,0.9145833333333333,20679,4180,16499
IGI-LG818659722,core,0.6,coarse,outer,fixed,review,foreground_or_nonuniformity_on_border;outline_near_image_edge,17,17,278035,0.9448841643075856,dark,16355,0.0,4.0,0.23529411764705882,13,0.3555487618465301,0.060654234179150106,0.05325588505044329,8344,6792,1552
IGI-LG818659722,core,0.6,coarse,outer,fixed,review,foreground_or_nonuniformity_on_border;outline_near_image_edge,17,17,278035,0.9448841643075856,non_dark,16355,17.0,17.0,1.0,17,1.0,0.9809232650565576,0.9768266585142158,23147,2529,20618
IGI-LG818659722,core,0.65,coarse,outer,fixed,review,foreground_or_nonuniformity_on_border;outline_near_image_edge,17,17,278035,0.9448841643075856,dark,16355,0.0,5.0,0.29411764705882354,13,0.4107612350963008,0.08926933659431367,0.07704066034851727,10196,8011,2185
IGI-LG818659722,core,0.65,coarse,outer,fixed,review,foreground_or_nonuniformity_on_border;outline_near_image_edge,17,17,278035,0.9448841643075856,non_dark,16355,17.0,17.0,1.0,17,1.0,0.9688780189544481,0.9633139712626109,24366,3478,20888
IGI-LG818659722,core,0.7,coarse,outer,fixed,review,foreground_or_nonuniformity_on_border;outline_near_image_edge,17,17,278035,0.9448841643075856,dark,16355,0.0,7.0,0.4117647058823529,13,0.4800366860287374,0.11452155304188322,0.10076429226536228,12421,9569,2852
IGI-LG818659722,core,0.7,coarse,outer,fixed,review,foreground_or_nonuniformity_on_border;outline_near_image_edge,17,17,278035,0.9448841643075856,non_dark,16355,17.0,17.0,1.0,17,1.0,0.9548761846530113,0.9473555487618466,25924,4570,21354
IGI-LG818659722,core,0.6,coarse,outer,dynamic,review,foreground_or_nonuniformity_on_border;outline_near_image_edge,17,17,280805,0.9448841643075856,dark,17029,0.0,4.0,0.23529411764705882,13,0.3444124728404486,0.06107228844911621,0.05396676258147865,8396,6794,1602
IGI-LG818659722,core,0.6,coarse,outer,dynamic,review,foreground_or_nonuniformity_on_border;outline_near_image_edge,17,17,280805,0.9448841643075856,non_dark,17029,17.0,17.0,1.0,17,0.999882553291444,0.9815608667567092,0.9776264020200834,24348,2529,21819
IGI-LG818659722,core,0.65,coarse,outer,dynamic,review,foreground_or_nonuniformity_on_border;outline_near_image_edge,17,17,280805,0.9448841643075856,dark,17029,0.0,5.0,0.29411764705882354,13,0.3985554054847613,0.08967056198250044,0.07792589112690117,10267,8013,2254
IGI-LG818659722,core,0.65,coarse,outer,dynamic,review,foreground_or_nonuniformity_on_border;outline_near_image_edge,17,17,280805,0.9448841643075856,non_dark,17029,17.0,17.0,1.0,17,0.999647659874332,0.9697574725468319,0.9644136473075342,25557,3478,22079
IGI-LG818659722,core,0.7,coarse,outer,dynamic,review,foreground_or_nonuniformity_on_border;outline_near_image_edge,17,17,280805,0.9448841643075856,dark,17029,0.0,7.0,0.4117647058823529,13,0.468083856949909,0.11685947501321275,0.10364672030066358,12546,9572,2974
IGI-LG818659722,core,0.7,coarse,outer,dynamic,review,foreground_or_nonuniformity_on_border;outline_near_image_edge,17,17,280805,0.9448841643075856,non_dark,17029,16.0,17.0,1.0,17,0.9995302131657761,0.9560162076457808,0.9487932350695871,27086,4573,22513
IGI-LG818659722,core,0.6,semantic,centre,fixed,review,foreground_or_nonuniformity_on_border;outline_near_image_edge;semantic_window_edge,17,17,202946,0.9770030280710369,dark,11938,1.0,5.0,0.29411764705882354,12,0.6604958954598761,0.030323337242419167,0.0108895962472776,13775,12655,1120
IGI-LG818659722,core,0.6,semantic,centre,fixed,review,foreground_or_nonuniformity_on_border;outline_near_image_edge;semantic_window_edge,17,17,202946,0.9770030280710369,non_dark,11938,10.0,17.0,1.0,17,1.0,0.914055955771486,0.9029150611492712,24593,5890,18703
IGI-LG818659722,core,0.65,semantic,centre,fixed,review,foreground_or_nonuniformity_on_border;outline_near_image_edge;semantic_window_edge,17,17,202946,0.9770030280710369,dark,11938,2.0,6.0,0.35294117647058826,13,0.7456860445635785,0.0306584017423354,0.008460378622884906,16173,14895,1278
IGI-LG818659722,core,0.65,semantic,centre,fixed,review,foreground_or_nonuniformity_on_border;outline_near_image_edge;semantic_window_edge,17,17,202946,0.9770030280710369,non_dark,11938,9.0,17.0,1.0,17,1.0,0.8885910537778522,0.8718378287820405,26833,7271,19562
IGI-LG818659722,core,0.7,semantic,centre,fixed,review,foreground_or_nonuniformity_on_border;outline_near_image_edge;semantic_window_edge,17,17,202946,0.9770030280710369,dark,11938,2.0,9.0,0.5294117647058824,13,0.8168034846707991,0.03895124811526219,0.008125314122968672,18204,16519,1685
IGI-LG818659722,core,0.7,semantic,centre,fixed,review,foreground_or_nonuniformity_on_border;outline_near_image_edge;semantic_window_edge,17,17,202946,0.9770030280710369,non_dark,11938,8.0,17.0,1.0,17,1.0,0.8503937007874016,0.8282794437929302,28457,8453,20004
IGI-LG818659722,core,0.6,semantic,centre,dynamic,review,foreground_or_nonuniformity_on_border;outline_near_image_edge;semantic_window_edge,17,17,205771,0.9770030280710369,dark,12219,1.0,5.0,0.29411764705882354,12,0.6568458957361486,0.036991570504951304,0.018004746705949752,13994,12708,1286
IGI-LG818659722,core,0.6,semantic,centre,dynamic,review,foreground_or_nonuniformity_on_border;outline_near_image_edge;semantic_window_edge,17,17,205771,0.9770030280710369,non_dark,12219,10.0,17.0,1.0,17,1.0,0.9159505687863164,0.9050658810049922,25283,5902,19381
IGI-LG818659722,core,0.65,semantic,centre,dynamic,review,foreground_or_nonuniformity_on_border;outline_near_image_edge;semantic_window_edge,17,17,205771,0.9770030280710369,dark,12219,2.0,6.0,0.35294117647058826,13,0.7401587691300434,0.03756444880923152,0.015713233488828873,16400,14949,1451
IGI-LG818659722,core,0.65,semantic,centre,dynamic,review,foreground_or_nonuniformity_on_border;outline_near_image_edge;semantic_window_edge,17,17,205771,0.9770030280710369,non_dark,12219,9.0,17.0,1.0,17,1.0,0.8909894426712497,0.8746214911203862,27523,7287,20236
IGI-LG818659722,core,0.7,semantic,centre,dynamic,review,foreground_or_nonuniformity_on_border;outline_near_image_edge;semantic_window_edge,17,17,205771,0.9770030280710369,dark,12219,2.0,9.0,0.5294117647058824,13,0.8097225632212128,0.046403142646697766,0.01554955397332024,18454,16582,1872
IGI-LG818659722,core,0.7,semantic,centre,dynamic,review,foreground_or_nonuniformity_on_border;outline_near_image_edge;semantic_window_edge,17,17,205771,0.9770030280710369,non_dark,12219,8.0,17.0,1.0,17,1.0,0.8521973974957034,0.8305917014485638,29156,8490,20666
IGI-LG818659722,core,0.6,semantic,inner_step,fixed,review,foreground_or_nonuniformity_on_border;outline_near_image_edge;semantic_window_edge,17,17,120224,0.9092311648238621,dark,7072,0.0,2.0,0.11764705882352941,13,0.3273472850678733,0.03464366515837104,0.033229638009049774,2940,2646,294
IGI-LG818659722,core,0.6,semantic,inner_step,fixed,review,foreground_or_nonuniformity_on_border;outline_near_image_edge;semantic_window_edge,17,17,120224,0.9092311648238621,non_dark,7072,17.0,17.0,1.0,17,1.0,0.983314479638009,0.983314479638009,9718,625,9093
IGI-LG818659722,core,0.65,semantic,inner_step,fixed,review,foreground_or_nonuniformity_on_border;outline_near_image_edge;semantic_window_edge,17,17,120224,0.9092311648238621,dark,7072,0.0,3.0,0.17647058823529413,13,0.4001696832579186,0.04906674208144796,0.04567307692307692,3786,3360,426
IGI-LG818659722,core,0.65,semantic,inner_step,fixed,review,foreground_or_nonuniformity_on_border;outline_near_image_edge;semantic_window_edge,17,17,120224,0.9092311648238621,non_dark,7072,17.0,17.0,1.0,17,1.0,0.977658371040724,0.9766685520361991,10432,956,9476
IGI-LG818659722,core,0.7,semantic,inner_step,fixed,review,foreground_or_nonuniformity_on_border;outline_near_image_edge;semantic_window_edge,17,17,120224,0.9092311648238621,dark,7072,0.0,4.0,0.23529411764705882,13,0.47907239819004527,0.0625,0.057126696832579184,4728,4175,553
IGI-LG818659722,core,0.7,semantic,inner_step,fixed,review,foreground_or_nonuniformity_on_border;outline_near_image_edge;semantic_window_edge,17,17,120224,0.9092311648238621,non_dark,7072,17.0,17.0,1.0,17,1.0,0.9697398190045249,0.9686085972850679,11247,1340,9907
IGI-LG818659722,core,0.6,semantic,inner_step,dynamic,review,foreground_or_nonuniformity_on_border;outline_near_image_edge;semantic_window_edge,17,17,126053,0.9092311648238621,dark,7778,0.0,2.0,0.11764705882352941,13,0.3322190794548727,0.06055541270249421,0.0586268963743893,3419,2713,706
IGI-LG818659722,core,0.6,semantic,inner_step,dynamic,review,foreground_or_nonuniformity_on_border;outline_near_image_edge;semantic_window_edge,17,17,126053,0.9092311648238621,non_dark,7778,17.0,17.0,1.0,17,0.9902288506042685,0.9750578554898431,0.9750578554898431,10959,669,10290
IGI-LG818659722,core,0.65,semantic,inner_step,dynamic,review,foreground_or_nonuniformity_on_border;outline_near_image_edge;semantic_window_edge,17,17,126053,0.9092311648238621,dark,7778,0.0,3.0,0.17647058823529413,13,0.40087426073540755,0.07624067883774749,0.07251221393674466,4292,3419,873
IGI-LG818659722,core,0.65,semantic,inner_step,dynamic,review,foreground_or_nonuniformity_on_border;outline_near_image_edge;semantic_window_edge,17,17,126053,0.9092311648238621,non_dark,7778,17.0,17.0,1.0,17,0.9902288506042685,0.9697865775263564,0.9688866032399074,11658,995,10663
IGI-LG818659722,core,0.7,semantic,inner_step,dynamic,review,foreground_or_nonuniformity_on_border;outline_near_image_edge;semantic_window_edge,17,17,126053,0.9092311648238621,dark,7778,0.0,3.0,0.17647058823529413,13,0.47737207508356905,0.09256878374903574,0.08639753149910002,5323,4252,1071
IGI-LG818659722,core,0.7,semantic,inner_step,dynamic,review,foreground_or_nonuniformity_on_border;outline_near_image_edge;semantic_window_edge,17,17,126053,0.9092311648238621,non_dark,7778,16.0,17.0,1.0,17,0.9901002828490615,0.9619439444587298,0.9609154024170738,12474,1395,11079
IGI-LG818659722,core,0.6,semantic,middle_step,fixed,review,foreground_or_nonuniformity_on_border;outline_near_image_edge;semantic_window_edge,17,17,109973,0.8704251883745964,dark,6469,0.0,7.0,0.4117647058823529,11,0.49466687277786364,0.07605503168959654,0.06971711238213016,4899,3998,901
IGI-LG818659722,core,0.6,semantic,middle_step,fixed,review,foreground_or_nonuniformity_on_border;outline_near_image_edge;semantic_window_edge,17,17,109973,0.8704251883745964,non_dark,6469,17.0,17.0,1.0,17,1.0,0.9720204050085021,0.962436234348431,10467,1699,8768
IGI-LG818659722,core,0.65,semantic,middle_step,fixed,review,foreground_or_nonuniformity_on_border;outline_near_image_edge;semantic_window_edge,17,17,109973,0.8704251883745964,dark,6469,1.0,9.0,0.5294117647058824,12,0.5560364816818674,0.12351213479672284,0.10929046220435926,5772,4466,1306
IGI-LG818659722,core,0.65,semantic,middle_step,fixed,review,foreground_or_nonuniformity_on_border;outline_near_image_edge;semantic_window_edge,17,17,109973,0.8704251883745964,non_dark,6469,14.0,17.0,1.0,17,1.0,0.9525428968928737,0.9434224764260318,10935,2175,8760
IGI-LG818659722,core,0.7,semantic,middle_step,fixed,review,foreground_or_nonuniformity_on_border;outline_near_image_edge;semantic_window_edge,17,17,109973,0.8704251883745964,dark,6469,1.0,10.0,0.5882352941176471,13,0.6354923481218118,0.15288298036790848,0.13943422476426032,6820,5175,1645
IGI-LG818659722,core,0.7,semantic,middle_step,fixed,review,foreground_or_nonuniformity_on_border;outline_near_image_edge;semantic_window_edge,17,17,109973,0.8704251883745964,non_dark,6469,12.0,17.0,1.0,17,1.0,0.938166640902767,0.926882052867522,11644,2709,8935
IGI-LG818659722,core,0.6,semantic,middle_step,dynamic,review,foreground_or_nonuniformity_on_border;outline_near_image_edge;semantic_window_edge,17,17,118182,0.8704251883745964,dark,7432,0.0,7.0,0.4117647058823529,11,0.4783369214208827,0.09889666307857911,0.09216899892357373,5621,4195,1426
IGI-LG818659722,core,0.6,semantic,middle_step,dynamic,review,foreground_or_nonuniformity_on_border;outline_near_image_edge;semantic_window_edge,17,17,118182,0.8704251883745964,non_dark,7432,14.0,17.0,1.0,17,0.9892357373519914,0.9628632938643703,0.9545209903121636,12271,1819,10452
IGI-LG818659722,core,0.65,semantic,middle_step,dynamic,review,foreground_or_nonuniformity_on_border;outline_near_image_edge;semantic_window_edge,17,17,118182,0.8704251883745964,dark,7432,1.0,8.0,0.47058823529411764,12,0.5383476856835306,0.14491388589881593,0.1319967707212056,6563,4674,1889
IGI-LG818659722,core,0.65,semantic,middle_step,dynamic,review,foreground_or_nonuniformity_on_border;outline_near_image_edge;semantic_window_edge,17,17,118182,0.8704251883745964,non_dark,7432,13.0,17.0,1.0,17,0.9854682454251884,0.9417384284176534,0.9333961248654468,12716,2307,10409
IGI-LG818659722,core,0.7,semantic,middle_step,dynamic,review,foreground_or_nonuniformity_on_border;outline_near_image_edge;semantic_window_edge,17,17,118182,0.8704251883745964,dark,7432,1.0,9.0,0.5294117647058824,13,0.6127556512378902,0.17666846071044134,0.16442411194833154,7664,5373,2291
IGI-LG818659722,core,0.7,semantic,middle_step,dynamic,review,foreground_or_nonuniformity_on_border;outline_near_image_edge;semantic_window_edge,17,17,118182,0.8704251883745964,non_dark,7432,11.0,17.0,1.0,17,0.9834499461786868,0.9284176533907428,0.9164424111948332,13395,2841,10554
IGI-LG818659722,core,0.6,semantic,outer_step,fixed,review,foreground_or_nonuniformity_on_border;outline_near_image_edge;semantic_window_edge,17,17,128996,0.83568281938326,dark,7588,0.0,2.0,0.11764705882352941,11,0.21889826041117555,0.04151291512915129,0.03518713758566157,2128,1769,359
IGI-LG818659722,core,0.6,semantic,outer_step,fixed,review,foreground_or_nonuniformity_on_border;outline_near_image_edge;semantic_window_edge,17,17,128996,0.83568281938326,non_dark,7588,17.0,17.0,1.0,17,1.0,0.9947285187137586,0.9942013705851345,9357,467,8890
IGI-LG818659722,core,0.65,semantic,outer_step,fixed,review,foreground_or_nonuniformity_on_border;outline_near_image_edge;semantic_window_edge,17,17,128996,0.83568281938326,dark,7588,0.0,2.0,0.11764705882352941,11,0.27227200843437005,0.05376910911966262,0.04467580390089615,2773,2292,481
IGI-LG818659722,core,0.65,semantic,outer_step,fixed,review,foreground_or_nonuniformity_on_border;outline_near_image_edge;semantic_window_edge,17,17,128996,0.83568281938326,non_dark,7588,17.0,17.0,1.0,17,1.0,0.9868212967843965,0.9839219820769636,9880,707,9173
IGI-LG818659722,core,0.7,semantic,outer_step,fixed,review,foreground_or_nonuniformity_on_border;outline_near_image_edge;semantic_window_edge,17,17,128996,0.83568281938326,dark,7588,0.0,2.0,0.11764705882352941,11,0.34053769109119664,0.07445967316816025,0.06259884027411702,3569,2886,683
IGI-LG818659722,core,0.7,semantic,outer_step,fixed,review,foreground_or_nonuniformity_on_border;outline_near_image_edge;semantic_window_edge,17,17,128996,0.83568281938326,non_dark,7588,17.0,17.0,1.0,17,1.0,0.9723247232472325,0.9658671586715867,10474,985,9489
IGI-LG818659722,core,0.6,semantic,outer_step,dynamic,review,foreground_or_nonuniformity_on_border;outline_near_image_edge;semantic_window_edge,17,17,136051,0.83568281938326,dark,8800,0.0,2.0,0.11764705882352941,12,0.21693181818181817,0.056363636363636366,0.04840909090909091,2472,1870,602
IGI-LG818659722,core,0.6,semantic,outer_step,dynamic,review,foreground_or_nonuniformity_on_border;outline_near_image_edge;semantic_window_edge,17,17,136051,0.83568281938326,non_dark,8800,17.0,17.0,1.0,17,0.9901136363636364,0.9829545454545454,0.9822727272727273,11391,503,10888
IGI-LG818659722,core,0.65,semantic,outer_step,dynamic,review,foreground_or_nonuniformity_on_border;outline_near_image_edge;semantic_window_edge,17,17,136051,0.83568281938326,dark,8800,0.0,2.0,0.11764705882352941,12,0.2677272727272727,0.07102272727272728,0.06056818181818182,3171,2408,763
IGI-LG818659722,core,0.65,semantic,outer_step,dynamic,review,foreground_or_nonuniformity_on_border;outline_near_image_edge;semantic_window_edge,17,17,136051,0.83568281938326,non_dark,8800,17.0,17.0,1.0,17,0.9892045454545455,0.9751136363636363,0.9725,11913,748,11165
IGI-LG818659722,core,0.7,semantic,outer_step,dynamic,review,foreground_or_nonuniformity_on_border;outline_near_image_edge;semantic_window_edge,17,17,136051,0.83568281938326,dark,8800,0.0,2.0,0.11764705882352941,12,0.33454545454545453,0.09545454545454546,0.08318181818181818,4070,3013,1057
IGI-LG818659722,core,0.7,semantic,outer_step,dynamic,review,foreground_or_nonuniformity_on_border;outline_near_image_edge;semantic_window_edge,17,17,136051,0.83568281938326,non_dark,8800,17.0,17.0,1.0,17,0.9888636363636364,0.9617045454545454,0.9559090909090909,12473,1044,11429
IGI-LG818659722,wide,0.6,coarse,centre,fixed,review,foreground_or_nonuniformity_on_border;outline_near_image_edge,33,33,47652,1.0,dark,1444,0.0,5.0,0.15151515151515152,12,0.435595567867036,0.0,0.0,825,825,0
IGI-LG818659722,wide,0.6,coarse,centre,fixed,review,foreground_or_nonuniformity_on_border;outline_near_image_edge,33,33,47652,1.0,non_dark,1444,33.0,33.0,1.0,33,1.0,0.9993074792243767,0.9993074792243767,2269,196,2073
IGI-LG818659722,wide,0.65,coarse,centre,fixed,review,foreground_or_nonuniformity_on_border;outline_near_image_edge,33,33,47652,1.0,dark,1444,1.0,7.0,0.21212121212121213,12,0.5706371191135734,0.0,0.0,1194,1193,1
IGI-LG818659722,wide,0.65,coarse,centre,fixed,review,foreground_or_nonuniformity_on_border;outline_near_image_edge,33,33,47652,1.0,non_dark,1444,20.0,33.0,1.0,33,1.0,0.9944598337950139,0.9944598337950139,2637,370,2267
IGI-LG818659722,wide,0.7,coarse,centre,fixed,review,foreground_or_nonuniformity_on_border;outline_near_image_edge,33,33,47652,1.0,dark,1444,1.0,11.0,0.3333333333333333,13,0.6904432132963989,0.0013850415512465374,0.0,1589,1584,5
IGI-LG818659722,wide,0.7,coarse,centre,fixed,review,foreground_or_nonuniformity_on_border;outline_near_image_edge,33,33,47652,1.0,non_dark,1444,17.0,33.0,1.0,33,1.0,0.9750692520775623,0.9722991689750693,3028,592,2436
IGI-LG818659722,wide,0.6,coarse,centre,dynamic,review,foreground_or_nonuniformity_on_border;outline_near_image_edge,33,33,47652,1.0,dark,1444,0.0,5.0,0.15151515151515152,12,0.435595567867036,0.0,0.0,825,825,0
IGI-LG818659722,wide,0.6,coarse,centre,dynamic,review,foreground_or_nonuniformity_on_border;outline_near_image_edge,33,33,47652,1.0,non_dark,1444,33.0,33.0,1.0,33,1.0,0.9993074792243767,0.9993074792243767,2269,196,2073
IGI-LG818659722,wide,0.65,coarse,centre,dynamic,review,foreground_or_nonuniformity_on_border;outline_near_image_edge,33,33,47652,1.0,dark,1444,1.0,7.0,0.21212121212121213,12,0.5706371191135734,0.0,0.0,1194,1193,1
IGI-LG818659722,wide,0.65,coarse,centre,dynamic,review,foreground_or_nonuniformity_on_border;outline_near_image_edge,33,33,47652,1.0,non_dark,1444,20.0,33.0,1.0,33,1.0,0.9944598337950139,0.9944598337950139,2637,370,2267
IGI-LG818659722,wide,0.7,coarse,centre,dynamic,review,foreground_or_nonuniformity_on_border;outline_near_image_edge,33,33,47652,1.0,dark,1444,1.0,11.0,0.3333333333333333,13,0.6904432132963989,0.0013850415512465374,0.0,1589,1584,5
IGI-LG818659722,wide,0.7,coarse,centre,dynamic,review,foreground_or_nonuniformity_on_border;outline_near_image_edge,33,33,47652,1.0,non_dark,1444,17.0,33.0,1.0,33,1.0,0.9750692520775623,0.9722991689750693,3028,592,2436
IGI-LG818659722,wide,0.6,coarse,inner,fixed,review,foreground_or_nonuniformity_on_border;outline_near_image_edge,33,33,196416,1.0,dark,5952,1.0,4.0,0.12121212121212122,12,0.6801075268817204,0.00016801075268817206,0.0,7440,7434,6
IGI-LG818659722,wide,0.6,coarse,inner,fixed,review,foreground_or_nonuniformity_on_border;outline_near_image_edge,33,33,196416,1.0,non_dark,5952,19.0,33.0,1.0,33,1.0,0.9662298387096774,0.9467405913978495,13386,3392,9994
IGI-LG818659722,wide,0.65,coarse,inner,fixed,review,foreground_or_nonuniformity_on_border;outline_near_image_edge,33,33,196416,1.0,dark,5952,2.0,5.0,0.15151515151515152,13,0.7780577956989247,0.0010080645161290322,0.0,9202,9177,25
IGI-LG818659722,wide,0.65,coarse,inner,fixed,review,foreground_or_nonuniformity_on_border;outline_near_image_edge,33,33,196416,1.0,non_dark,5952,17.0,33.0,1.0,33,1.0,0.9539650537634409,0.930611559139785,15129,4571,10558
IGI-LG818659722,wide,0.7,coarse,inner,fixed,review,foreground_or_nonuniformity_on_border;outline_near_image_edge,33,33,196416,1.0,dark,5952,2.0,8.0,0.24242424242424243,13,0.8773521505376344,0.006384408602150538,0.00016801075268817206,11290,11156,134
IGI-LG818659722,wide,0.7,coarse,inner,fixed,review,foreground_or_nonuniformity_on_border;outline_near_image_edge,33,33,196416,1.0,non_dark,5952,16.0,33.0,1.0,33,1.0,0.9212029569892473,0.9037298387096774,17108,6068,11040
IGI-LG818659722,wide,0.6,coarse,inner,dynamic,review,foreground_or_nonuniformity_on_border;outline_near_image_edge,33,33,196416,1.0,dark,5952,1.0,4.0,0.12121212121212122,12,0.6801075268817204,0.00016801075268817206,0.0,7440,7434,6
IGI-LG818659722,wide,0.6,coarse,inner,dynamic,review,foreground_or_nonuniformity_on_border;outline_near_image_edge,33,33,196416,1.0,non_dark,5952,19.0,33.0,1.0,33,1.0,0.9662298387096774,0.9467405913978495,13386,3392,9994
IGI-LG818659722,wide,0.65,coarse,inner,dynamic,review,foreground_or_nonuniformity_on_border;outline_near_image_edge,33,33,196416,1.0,dark,5952,2.0,5.0,0.15151515151515152,13,0.7780577956989247,0.0010080645161290322,0.0,9202,9177,25
IGI-LG818659722,wide,0.65,coarse,inner,dynamic,review,foreground_or_nonuniformity_on_border;outline_near_image_edge,33,33,196416,1.0,non_dark,5952,17.0,33.0,1.0,33,1.0,0.9539650537634409,0.930611559139785,15129,4571,10558
IGI-LG818659722,wide,0.7,coarse,inner,dynamic,review,foreground_or_nonuniformity_on_border;outline_near_image_edge,33,33,196416,1.0,dark,5952,2.0,8.0,0.24242424242424243,13,0.8773521505376344,0.006384408602150538,0.00016801075268817206,11290,11156,134
IGI-LG818659722,wide,0.7,coarse,inner,dynamic,review,foreground_or_nonuniformity_on_border;outline_near_image_edge,33,33,196416,1.0,non_dark,5952,16.0,33.0,1.0,33,1.0,0.9212029569892473,0.9037298387096774,17108,6068,11040
IGI-LG818659722,wide,0.6,coarse,middle,fixed,review,foreground_or_nonuniformity_on_border;outline_near_image_edge,33,33,348480,1.0,dark,10560,1.0,3.0,0.09090909090909091,13,0.5243371212121212,0.00975378787878788,0.007291666666666667,9688,9556,132
IGI-LG818659722,wide,0.6,coarse,middle,fixed,review,foreground_or_nonuniformity_on_border;outline_near_image_edge,33,33,348480,1.0,non_dark,10560,28.0,33.0,1.0,33,1.0,0.9849431818181819,0.9785037878787879,20116,4151,15965
IGI-LG818659722,wide,0.65,coarse,middle,fixed,review,foreground_or_nonuniformity_on_border;outline_near_image_edge,33,33,348480,1.0,dark,10560,1.0,4.0,0.12121212121212122,13,0.6160984848484848,0.013541666666666667,0.008806818181818181,12043,11750,293
IGI-LG818659722,wide,0.65,coarse,middle,fixed,review,foreground_or_nonuniformity_on_border;outline_near_image_edge,33,33,348480,1.0,non_dark,10560,22.0,33.0,1.0,33,1.0,0.9705492424242425,0.9601325757575757,22310,5537,16773
IGI-LG818659722,wide,0.7,coarse,middle,fixed,review,foreground_or_nonuniformity_on_border;outline_near_image_edge,33,33,348480,1.0,dark,10560,1.0,5.0,0.15151515151515152,13,0.7099431818181818,0.020643939393939395,0.009848484848484848,14647,14126,521
IGI-LG818659722,wide,0.7,coarse,middle,fixed,review,foreground_or_nonuniformity_on_border;outline_near_image_edge,33,33,348480,1.0,non_dark,10560,20.0,33.0,1.0,33,1.0,0.9315340909090909,0.9101325757575758,24686,7150,17536
IGI-LG818659722,wide,0.6,coarse,middle,dynamic,review,foreground_or_nonuniformity_on_border;outline_near_image_edge,33,33,348480,1.0,dark,10560,1.0,3.0,0.09090909090909091,13,0.5243371212121212,0.00975378787878788,0.007291666666666667,9688,9556,132
IGI-LG818659722,wide,0.6,coarse,middle,dynamic,review,foreground_or_nonuniformity_on_border;outline_near_image_edge,33,33,348480,1.0,non_dark,10560,28.0,33.0,1.0,33,1.0,0.9849431818181819,0.9785037878787879,20116,4151,15965
IGI-LG818659722,wide,0.65,coarse,middle,dynamic,review,foreground_or_nonuniformity_on_border;outline_near_image_edge,33,33,348480,1.0,dark,10560,1.0,4.0,0.12121212121212122,13,0.6160984848484848,0.013541666666666667,0.008806818181818181,12043,11750,293
IGI-LG818659722,wide,0.65,coarse,middle,dynamic,review,foreground_or_nonuniformity_on_border;outline_near_image_edge,33,33,348480,1.0,non_dark,10560,22.0,33.0,1.0,33,1.0,0.9705492424242425,0.9601325757575757,22310,5537,16773
IGI-LG818659722,wide,0.7,coarse,middle,dynamic,review,foreground_or_nonuniformity_on_border;outline_near_image_edge,33,33,348480,1.0,dark,10560,1.0,5.0,0.15151515151515152,13,0.7099431818181818,0.020643939393939395,0.009848484848484848,14647,14126,521
IGI-LG818659722,wide,0.7,coarse,middle,dynamic,review,foreground_or_nonuniformity_on_border;outline_near_image_edge,33,33,348480,1.0,non_dark,10560,20.0,33.0,1.0,33,1.0,0.9315340909090909,0.9101325757575758,24686,7150,17536
IGI-LG818659722,wide,0.6,coarse,outer,fixed,review,foreground_or_nonuniformity_on_border;outline_near_image_edge,33,33,501501,0.8595588235294118,dark,15197,0.0,6.0,0.18181818181818182,13,0.47364611436467724,0.049944067908139766,0.042245179969730866,11508,10595,913
IGI-LG818659722,wide,0.6,coarse,outer,fixed,review,foreground_or_nonuniformity_on_border;outline_near_image_edge,33,33,501501,0.8595588235294118,non_dark,15197,33.0,33.0,1.0,33,1.0,0.9597946963216424,0.9555175363558597,25792,4310,21482
IGI-LG818659722,wide,0.65,coarse,outer,fixed,review,foreground_or_nonuniformity_on_border;outline_near_image_edge,33,33,501501,0.8595588235294118,dark,15197,1.0,8.0,0.24242424242424243,15,0.555043758636573,0.06126209120221096,0.049351845759031385,13891,12713,1178
IGI-LG818659722,wide,0.65,coarse,outer,fixed,review,foreground_or_nonuniformity_on_border;outline_near_image_edge,33,33,501501,0.8595588235294118,non_dark,15197,30.0,33.0,1.0,33,1.0,0.9428834638415476,0.9375534644995723,27910,5456,22454
IGI-LG818659722,wide,0.7,coarse,outer,fixed,review,foreground_or_nonuniformity_on_border;outline_near_image_edge,33,33,501501,0.8595588235294118,dark,15197,1.0,9.0,0.2727272727272727,15,0.6521023886293348,0.07159307758110153,0.05073369744028427,17470,15953,1517
IGI-LG818659722,wide,0.7,coarse,outer,fixed,review,foreground_or_nonuniformity_on_border;outline_near_image_edge,33,33,501501,0.8595588235294118,non_dark,15197,24.0,33.0,1.0,33,1.0,0.9136671711522011,0.9062314930578403,31150,7560,23590
IGI-LG818659722,wide,0.6,coarse,outer,dynamic,review,foreground_or_nonuniformity_on_border;outline_near_image_edge,33,33,547394,0.8595588235294118,dark,17403,0.0,5.0,0.15151515151515152,13,0.4540596448888123,0.05504798023329311,0.04798023329311038,12324,11195,1129
IGI-LG818659722,wide,0.6,coarse,outer,dynamic,review,foreground_or_nonuniformity_on_border;outline_near_image_edge,33,33,547394,0.8595588235294118,non_dark,17403,31.0,33.0,1.0,33,1.0,0.9632247313681549,0.9589725909325978,29782,4389,25393
IGI-LG818659722,wide,0.65,coarse,outer,dynamic,review,foreground_or_nonuniformity_on_border;outline_near_image_edge,33,33,547394,0.8595588235294118,dark,17403,1.0,7.0,0.21212121212121213,15,0.5311727863012125,0.0680342469689134,0.05665689823593633,14893,13425,1468
IGI-LG818659722,wide,0.65,coarse,outer,dynamic,review,foreground_or_nonuniformity_on_border;outline_near_image_edge,33,33,547394,0.8595588235294118,non_dark,17403,28.0,33.0,1.0,33,0.9999425386427627,0.9467907831982991,0.9416192610469459,32004,5588,26416
IGI-LG818659722,wide,0.7,coarse,outer,dynamic,review,foreground_or_nonuniformity_on_border;outline_near_image_edge,33,33,547394,0.8595588235294118,dark,17403,1.0,8.0,0.24242424242424243,15,0.6252370280986037,0.08280181577888869,0.06263287938861116,18751,16826,1925
IGI-LG818659722,wide,0.7,coarse,outer,dynamic,review,foreground_or_nonuniformity_on_border;outline_near_image_edge,33,33,547394,0.8595588235294118,non_dark,17403,23.0,33.0,1.0,33,0.9999425386427627,0.9192093317244153,0.9118542779980463,35373,7774,27599
IGI-LG818659722,wide,0.6,semantic,centre,fixed,review,foreground_or_nonuniformity_on_border;outline_near_image_edge,33,33,277464,0.9332889332889333,dark,8408,1.0,4.0,0.12121212121212122,12,0.6493815413891532,0.0002378686964795433,0.0,9940,9929,11
IGI-LG818659722,wide,0.6,semantic,centre,fixed,review,foreground_or_nonuniformity_on_border;outline_near_image_edge,33,33,277464,0.9332889332889333,non_dark,8408,19.0,33.0,1.0,33,1.0,0.97395337773549,0.9595623215984777,18337,4480,13857
IGI-LG818659722,wide,0.65,semantic,centre,fixed,review,foreground_or_nonuniformity_on_border;outline_near_image_edge,33,33,277464,0.9332889332889333,dark,8408,1.0,5.0,0.15151515151515152,13,0.7534490960989534,0.001665080875356803,0.0,12451,12404,47
IGI-LG818659722,wide,0.65,semantic,centre,fixed,review,foreground_or_nonuniformity_on_border;outline_near_image_edge,33,33,277464,0.9332889332889333,non_dark,8408,17.0,33.0,1.0,33,1.0,0.9613463368220743,0.9438629876308278,20812,6116,14696
IGI-LG818659722,wide,0.7,semantic,centre,fixed,review,foreground_or_nonuniformity_on_border;outline_near_image_edge,33,33,277464,0.9332889332889333,dark,8408,2.0,8.0,0.24242424242424243,13,0.8533539486203615,0.007373929590865842,0.0004757373929590866,15296,15100,196
IGI-LG818659722,wide,0.7,semantic,centre,fixed,review,foreground_or_nonuniformity_on_border;outline_near_image_edge,33,33,277464,0.9332889332889333,non_dark,8408,16.0,33.0,1.0,33,1.0,0.9230494766888677,0.9080637488106565,23508,8121,15387
IGI-LG818659722,wide,0.6,semantic,centre,dynamic,review,foreground_or_nonuniformity_on_border;outline_near_image_edge,33,33,290954,0.9332889332889333,dark,9009,1.0,4.0,0.12121212121212122,12,0.6351426351426351,0.004884004884004884,0.003885003885003885,10327,10251,76
IGI-LG818659722,wide,0.6,semantic,centre,dynamic,review,foreground_or_nonuniformity_on_border;outline_near_image_edge,33,33,290954,0.9332889332889333,non_dark,9009,18.0,33.0,1.0,33,1.0,0.9733599733599734,0.9599289599289599,19646,4587,15059
IGI-LG818659722,wide,0.65,semantic,centre,dynamic,review,foreground_or_nonuniformity_on_border;outline_near_image_edge,33,33,290954,0.9332889332889333,dark,9009,1.0,5.0,0.15151515151515152,13,0.7363747363747364,0.009213009213009214,0.005772005772005772,12957,12787,170
IGI-LG818659722,wide,0.65,semantic,centre,dynamic,review,foreground_or_nonuniformity_on_border;outline_near_image_edge,33,33,290954,0.9332889332889333,non_dark,9009,17.0,33.0,1.0,33,1.0,0.9608169608169608,0.9443889443889444,22175,6272,15903
IGI-LG818659722,wide,0.7,semantic,centre,dynamic,review,foreground_or_nonuniformity_on_border;outline_near_image_edge,33,33,290954,0.9332889332889333,dark,9009,2.0,7.0,0.21212121212121213,13,0.8336108336108337,0.018315018315018316,0.00987900987900988,15914,15520,394
IGI-LG818659722,wide,0.7,semantic,centre,dynamic,review,foreground_or_nonuniformity_on_border;outline_near_image_edge,33,33,290954,0.9332889332889333,non_dark,9009,16.0,33.0,1.0,33,1.0,0.9238539238539238,0.9095349095349096,24897,8311,16586
IGI-LG818659722,wide,0.6,semantic,inner_step,fixed,review,foreground_or_nonuniformity_on_border;outline_near_image_edge,33,33,318714,0.8379316328301232,dark,9658,0.0,3.0,0.09090909090909091,13,0.46583143507972663,0.012528473804100227,0.010250569476082005,7519,7372,147
IGI-LG818659722,wide,0.6,semantic,inner_step,fixed,review,foreground_or_nonuniformity_on_border;outline_near_image_edge,33,33,318714,0.8379316328301232,non_dark,9658,33.0,33.0,1.0,33,1.0,0.9875750673017187,0.9811555187409402,17030,3020,14010
IGI-LG818659722,wide,0.65,semantic,inner_step,fixed,review,foreground_or_nonuniformity_on_border;outline_near_image_edge,33,33,318714,0.8379316328301232,dark,9658,1.0,3.0,0.09090909090909091,13,0.5593290536342929,0.015945330296127564,0.011907227169186166,9543,9258,285
IGI-LG818659722,wide,0.65,semantic,inner_step,fixed,review,foreground_or_nonuniformity_on_border;outline_near_image_edge,33,33,318714,0.8379316328301232,non_dark,9658,27.0,33.0,1.0,33,1.0,0.9747359701801616,0.9644854007040795,18916,4141,14775
IGI-LG818659722,wide,0.7,semantic,inner_step,fixed,review,foreground_or_nonuniformity_on_border;outline_near_image_edge,33,33,318714,0.8379316328301232,dark,9658,1.0,4.0,0.12121212121212122,13,0.6594533029612756,0.02164009111617312,0.011907227169186166,12017,11553,464
IGI-LG818659722,wide,0.7,semantic,inner_step,fixed,review,foreground_or_nonuniformity_on_border;outline_near_image_edge,33,33,318714,0.8379316328301232,non_dark,9658,22.0,33.0,1.0,33,1.0,0.9403603230482501,0.9193414785669911,21211,5648,15563
IGI-LG818659722,wide,0.6,semantic,inner_step,dynamic,review,foreground_or_nonuniformity_on_border;outline_near_image_edge,33,33,354525,0.8379316328301232,dark,11526,0.0,3.0,0.09090909090909091,13,0.45098039215686275,0.03132049279888947,0.027936838452195037,8485,8029,456
IGI-LG818659722,wide,0.6,semantic,inner_step,dynamic,review,foreground_or_nonuniformity_on_border;outline_near_image_edge,33,33,354525,0.8379316328301232,non_dark,11526,28.0,33.0,1.0,33,0.9997397188964081,0.9877667881311817,0.9823008849557522,20841,3208,17633
IGI-LG818659722,wide,0.65,semantic,inner_step,dynamic,review,foreground_or_nonuniformity_on_border;outline_near_image_edge,33,33,354525,0.8379316328301232,dark,11526,1.0,3.0,0.09090909090909091,13,0.5480652437966337,0.038868644803053964,0.0338365434669443,10956,10295,661
IGI-LG818659722,wide,0.65,semantic,inner_step,dynamic,review,foreground_or_nonuniformity_on_border;outline_near_image_edge,33,33,354525,0.8379316328301232,non_dark,11526,22.0,33.0,1.0,33,0.9989588755856325,0.9759673781016831,0.9669442998438313,23093,4547,18546
IGI-LG818659722,wide,0.7,semantic,inner_step,dynamic,review,foreground_or_nonuniformity_on_border;outline_near_image_edge,33,33,354525,0.8379316328301232,dark,11526,1.0,4.0,0.12121212121212122,13,0.6477529064723234,0.04737116085372202,0.03635259413499913,13854,12922,932
IGI-LG818659722,wide,0.7,semantic,inner_step,dynamic,review,foreground_or_nonuniformity_on_border;outline_near_image_edge,33,33,354525,0.8379316328301232,non_dark,11526,20.0,33.0,1.0,33,0.9969633871247614,0.9443866041992018,0.9259066458441784,25680,6218,19462
IGI-LG818659722,wide,0.6,semantic,middle_step,fixed,review,foreground_or_nonuniformity_on_border;outline_near_image_edge,33,33,185559,0.656892523364486,dark,5623,1.0,10.0,0.30303030303030304,13,0.5845634003201138,0.012271029699448693,0.009247732527120755,5655,5539,116
IGI-LG818659722,wide,0.6,semantic,middle_step,fixed,review,foreground_or_nonuniformity_on_border;outline_near_image_edge,33,33,185559,0.656892523364486,non_dark,5623,23.0,33.0,1.0,33,1.0,0.9541170193846701,0.9454028098879602,11162,2368,8794
IGI-LG818659722,wide,0.65,semantic,middle_step,fixed,review,foreground_or_nonuniformity_on_border;outline_near_image_edge,33,33,185559,0.656892523364486,dark,5623,1.0,10.0,0.30303030303030304,15,0.6484083229592744,0.01849546505424151,0.014760803841365818,6287,6088,199
IGI-LG818659722,wide,0.65,semantic,middle_step,fixed,review,foreground_or_nonuniformity_on_border;outline_near_image_edge,33,33,185559,0.656892523364486,non_dark,5623,21.0,33.0,1.0,33,1.0,0.9384670104926196,0.9285079139249511,11711,2641,9070
IGI-LG818659722,wide,0.7,semantic,middle_step,fixed,review,foreground_or_nonuniformity_on_border;outline_near_image_edge,33,33,185559,0.656892523364486,dark,5623,2.0,11.0,0.3333333333333333,15,0.7451538324737684,0.0236528543482127,0.017428418993419882,7453,7143,310
IGI-LG818659722,wide,0.7,semantic,middle_step,fixed,review,foreground_or_nonuniformity_on_border;outline_near_image_edge,33,33,185559,0.656892523364486,non_dark,5623,20.0,33.0,1.0,33,1.0,0.9290414369553619,0.9142806331139961,12766,3263,9503
IGI-LG818659722,wide,0.6,semantic,middle_step,dynamic,review,foreground_or_nonuniformity_on_border;outline_near_image_edge,33,33,236480,0.656892523364486,dark,8560,1.0,9.0,0.2727272727272727,13,0.5092289719626168,0.0375,0.03271028037383177,7654,7124,530
IGI-LG818659722,wide,0.6,semantic,middle_step,dynamic,review,foreground_or_nonuniformity_on_border;outline_near_image_edge,33,33,236480,0.656892523364486,non_dark,8560,19.0,33.0,1.0,33,0.994392523364486,0.9639018691588785,0.9579439252336449,17730,3112,14618
IGI-LG818659722,wide,0.65,semantic,middle_step,dynamic,review,foreground_or_nonuniformity_on_border;outline_near_image_edge,33,33,236480,0.656892523364486,dark,8560,1.0,10.0,0.30303030303030304,15,0.5630841121495327,0.04719626168224299,0.04275700934579439,8421,7739,682
IGI-LG818659722,wide,0.65,semantic,middle_step,dynamic,review,foreground_or_nonuniformity_on_border;outline_near_image_edge,33,33,236480,0.656892523364486,non_dark,8560,17.0,33.0,1.0,33,0.9942757009345794,0.9530373831775701,0.9462616822429907,18327,3398,14929
IGI-LG818659722,wide,0.7,semantic,middle_step,dynamic,review,foreground_or_nonuniformity_on_border;outline_near_image_edge,33,33,236480,0.656892523364486,dark,8560,1.0,10.0,0.30303030303030304,15,0.6429906542056075,0.05841121495327103,0.05210280373831776,9750,8856,894
IGI-LG818659722,wide,0.7,semantic,middle_step,dynamic,review,foreground_or_nonuniformity_on_border;outline_near_image_edge,33,33,236480,0.656892523364486,non_dark,8560,15.0,33.0,1.0,33,0.9940420560747664,0.944626168224299,0.9348130841121496,19424,4007,15417
IGI-LG818659722,wide,0.6,semantic,outer_step,fixed,review,foreground_or_nonuniformity_on_border;outline_near_image_edge,33,33,195558,0.5879551542811787,dark,5926,0.0,2.0,0.06060606060606061,11,0.3673641579480256,0.10006749915626055,0.08606142423219709,3021,2342,679
IGI-LG818659722,wide,0.6,semantic,outer_step,fixed,review,foreground_or_nonuniformity_on_border;outline_near_image_edge,33,33,195558,0.5879551542811787,non_dark,5926,33.0,33.0,1.0,33,1.0,0.9514006074924063,0.9495443806952413,8268,844,7424
IGI-LG818659722,wide,0.65,semantic,outer_step,fixed,review,foreground_or_nonuniformity_on_border;outline_near_image_edge,33,33,195558,0.5879551542811787,dark,5926,0.0,2.0,0.06060606060606061,11,0.4596692541343233,0.1181235234559568,0.09500506243671954,4004,3191,813
IGI-LG818659722,wide,0.65,semantic,outer_step,fixed,review,foreground_or_nonuniformity_on_border;outline_near_image_edge,33,33,195558,0.5879551542811787,non_dark,5926,33.0,33.0,1.0,33,1.0,0.927775902801215,0.9259196760040499,9117,1280,7837
IGI-LG818659722,wide,0.7,semantic,outer_step,fixed,review,foreground_or_nonuniformity_on_border;outline_near_image_edge,33,33,195558,0.5879551542811787,dark,5926,1.0,3.0,0.09090909090909091,11,0.558893013837327,0.13617954775565305,0.09669254134323321,5529,4548,981
IGI-LG818659722,wide,0.7,semantic,outer_step,fixed,review,foreground_or_nonuniformity_on_border;outline_near_image_edge,33,33,195558,0.5879551542811787,non_dark,5926,31.0,33.0,1.0,33,1.0,0.8810327370907863,0.877657779277759,10474,2217,8257
IGI-LG818659722,wide,0.6,semantic,outer_step,dynamic,review,foreground_or_nonuniformity_on_border;outline_near_image_edge,33,33,257983,0.5879551542811787,dark,9802,0.0,2.0,0.06060606060606061,12,0.32360742705570295,0.09222607631095694,0.08243215670271373,4228,3160,1068
IGI-LG818659722,wide,0.6,semantic,outer_step,dynamic,review,foreground_or_nonuniformity_on_border;outline_near_image_edge,33,33,257983,0.5879551542811787,non_dark,9802,29.0,33.0,1.0,33,0.9934707202611712,0.9600081615996735,0.9575596816976127,15455,960,14495
IGI-LG818659722,wide,0.65,semantic,outer_step,dynamic,review,foreground_or_nonuniformity_on_border;outline_near_image_edge,33,33,257983,0.5879551542811787,dark,9802,0.0,2.0,0.06060606060606061,12,0.3937971842481126,0.11028361558865538,0.09345031626198735,5485,4179,1306
IGI-LG818659722,wide,0.65,semantic,outer_step,dynamic,review,foreground_or_nonuniformity_on_border;outline_near_image_edge,33,33,257983,0.5879551542811787,non_dark,9802,26.0,33.0,1.0,33,0.992858600285656,0.9413385023464599,0.9389920424403183,16456,1491,14965
IGI-LG818659722,wide,0.7,semantic,outer_step,dynamic,review,foreground_or_nonuniformity_on_border;outline_near_image_edge,33,33,257983,0.5879551542811787,dark,9802,0.0,3.0,0.09090909090909091,12,0.47541318098347274,0.133544174658233,0.10508059579677617,7366,5738,1628
IGI-LG818659722,wide,0.7,semantic,outer_step,dynamic,review,foreground_or_nonuniformity_on_border;outline_near_image_edge,33,33,257983,0.5879551542811787,non_dark,9802,23.0,33.0,1.0,33,0.9926545602938176,0.9087941236482351,0.9049173638033055,17970,2529,15441
IGI-LG836619414,core,0.6,coarse,centre,fixed,ok,,17,17,24548,1.0,dark,1444,0.0,1.0,0.058823529411764705,3,0.3518005540166205,0.12188365650969529,0.0907202216066482,659,473,186
IGI-LG836619414,core,0.6,coarse,centre,fixed,ok,,17,17,24548,1.0,non_dark,1444,17.0,17.0,1.0,17,1.0,0.9736842105263158,0.9722991689750693,1917,151,1766
IGI-LG836619414,core,0.65,coarse,centre,fixed,ok,,17,17,24548,1.0,dark,1444,0.0,2.0,0.11764705882352941,3,0.4390581717451524,0.12742382271468145,0.09764542936288088,874,678,196
IGI-LG836619414,core,0.65,coarse,centre,fixed,ok,,17,17,24548,1.0,non_dark,1444,17.0,17.0,1.0,17,1.0,0.9702216066481995,0.9681440443213296,2122,240,1882
IGI-LG836619414,core,0.7,coarse,centre,fixed,ok,,17,17,24548,1.0,dark,1444,1.0,2.0,0.11764705882352941,3,0.5477839335180056,0.13988919667590027,0.1149584487534626,1192,977,215
IGI-LG836619414,core,0.7,coarse,centre,fixed,ok,,17,17,24548,1.0,non_dark,1444,15.0,17.0,1.0,17,1.0,0.953601108033241,0.9494459833795014,2421,401,2020
IGI-LG836619414,core,0.6,coarse,centre,dynamic,ok,,17,17,24548,1.0,dark,1444,0.0,1.0,0.058823529411764705,3,0.3518005540166205,0.12188365650969529,0.0907202216066482,659,473,186
IGI-LG836619414,core,0.6,coarse,centre,dynamic,ok,,17,17,24548,1.0,non_dark,1444,17.0,17.0,1.0,17,1.0,0.9736842105263158,0.9722991689750693,1917,151,1766
IGI-LG836619414,core,0.65,coarse,centre,dynamic,ok,,17,17,24548,1.0,dark,1444,0.0,2.0,0.11764705882352941,3,0.4390581717451524,0.12742382271468145,0.09764542936288088,874,678,196
IGI-LG836619414,core,0.65,coarse,centre,dynamic,ok,,17,17,24548,1.0,non_dark,1444,17.0,17.0,1.0,17,1.0,0.9702216066481995,0.9681440443213296,2122,240,1882
IGI-LG836619414,core,0.7,coarse,centre,dynamic,ok,,17,17,24548,1.0,dark,1444,1.0,2.0,0.11764705882352941,3,0.5477839335180056,0.13988919667590027,0.1149584487534626,1192,977,215
IGI-LG836619414,core,0.7,coarse,centre,dynamic,ok,,17,17,24548,1.0,non_dark,1444,15.0,17.0,1.0,17,1.0,0.953601108033241,0.9494459833795014,2421,401,2020
IGI-LG836619414,core,0.6,coarse,inner,fixed,ok,,17,17,101184,1.0,dark,5952,0.0,3.0,0.17647058823529413,6,0.4904233870967742,0.11155913978494623,0.0636760752688172,5171,4100,1071
IGI-LG836619414,core,0.6,coarse,inner,fixed,ok,,17,17,101184,1.0,non_dark,5952,17.0,17.0,1.0,17,1.0,0.900369623655914,0.8855846774193549,10052,2252,7800
IGI-LG836619414,core,0.65,coarse,inner,fixed,ok,,17,17,101184,1.0,dark,5952,1.0,3.0,0.17647058823529413,6,0.5473790322580645,0.12516801075268819,0.07476478494623656,5844,4603,1241
IGI-LG836619414,core,0.65,coarse,inner,fixed,ok,,17,17,101184,1.0,non_dark,5952,15.0,17.0,1.0,17,1.0,0.8877688172043011,0.8684475806451613,10555,2586,7969
IGI-LG836619414,core,0.7,coarse,inner,fixed,ok,,17,17,101184,1.0,dark,5952,1.0,3.0,0.17647058823529413,6,0.6080309139784946,0.15423387096774194,0.09879032258064516,6711,5204,1507
IGI-LG836619414,core,0.7,coarse,inner,fixed,ok,,17,17,101184,1.0,non_dark,5952,13.0,17.0,1.0,17,1.0,0.8684475806451613,0.8440860215053764,11156,3092,8064
IGI-LG836619414,core,0.6,coarse,inner,dynamic,ok,,17,17,101184,1.0,dark,5952,0.0,3.0,0.17647058823529413,6,0.4904233870967742,0.11155913978494623,0.0636760752688172,5171,4100,1071
IGI-LG836619414,core,0.6,coarse,inner,dynamic,ok,,17,17,101184,1.0,non_dark,5952,17.0,17.0,1.0,17,1.0,0.900369623655914,0.8855846774193549,10052,2252,7800
IGI-LG836619414,core,0.65,coarse,inner,dynamic,ok,,17,17,101184,1.0,dark,5952,1.0,3.0,0.17647058823529413,6,0.5473790322580645,0.12516801075268819,0.07476478494623656,5844,4603,1241
IGI-LG836619414,core,0.65,coarse,inner,dynamic,ok,,17,17,101184,1.0,non_dark,5952,15.0,17.0,1.0,17,1.0,0.8877688172043011,0.8684475806451613,10555,2586,7969
IGI-LG836619414,core,0.7,coarse,inner,dynamic,ok,,17,17,101184,1.0,dark,5952,1.0,3.0,0.17647058823529413,6,0.6080309139784946,0.15423387096774194,0.09879032258064516,6711,5204,1507
IGI-LG836619414,core,0.7,coarse,inner,dynamic,ok,,17,17,101184,1.0,non_dark,5952,13.0,17.0,1.0,17,1.0,0.8684475806451613,0.8440860215053764,11156,3092,8064
IGI-LG836619414,core,0.6,coarse,middle,fixed,ok,,17,17,179503,0.999905303030303,dark,10559,1.0,4.0,0.23529411764705882,14,0.5831991665877451,0.1555071502983237,0.1307889004640591,12496,10317,2179
IGI-LG836619414,core,0.6,coarse,middle,fixed,ok,,17,17,179503,0.999905303030303,non_dark,10559,13.0,17.0,1.0,17,1.0,0.9266028980017047,0.8989487640875082,20876,6338,14538
IGI-LG836619414,core,0.65,coarse,middle,fixed,ok,,17,17,179503,0.999905303030303,dark,10559,1.0,5.0,0.29411764705882354,14,0.626574486220286,0.18202481295577233,0.15124538308551946,14037,11533,2504
IGI-LG836619414,core,0.65,coarse,middle,fixed,ok,,17,17,179503,0.999905303030303,non_dark,10559,12.0,17.0,1.0,17,1.0,0.9352211383653755,0.9069987688228052,22092,7421,14671
IGI-LG836619414,core,0.7,coarse,middle,fixed,ok,,17,17,179503,0.999905303030303,dark,10559,1.0,5.0,0.29411764705882354,17,0.6672033336490198,0.19272658395681408,0.15759068093569467,14800,11985,2815
IGI-LG836619414,core,0.7,coarse,middle,fixed,ok,,17,17,179503,0.999905303030303,non_dark,10559,12.0,17.0,1.0,17,0.9995264703096884,0.9286864286390757,0.9008428828487546,22539,7755,14784
IGI-LG836619414,core,0.6,coarse,middle,dynamic,ok,,17,17,179519,0.999905303030303,dark,10560,1.0,4.0,0.23529411764705882,14,0.5832386363636364,0.15549242424242424,0.13077651515151514,12497,10318,2179
IGI-LG836619414,core,0.6,coarse,middle,dynamic,ok,,17,17,179519,0.999905303030303,non_dark,10560,13.0,17.0,1.0,17,1.0,0.9266098484848485,0.8989583333333333,20878,6338,14540
IGI-LG836619414,core,0.65,coarse,middle,dynamic,ok,,17,17,179519,0.999905303030303,dark,10560,1.0,5.0,0.29411764705882354,14,0.6266098484848485,0.18200757575757576,0.15123106060606062,14038,11534,2504
IGI-LG836619414,core,0.65,coarse,middle,dynamic,ok,,17,17,179519,0.999905303030303,non_dark,10560,12.0,17.0,1.0,17,1.0,0.9352272727272727,0.9070075757575757,22094,7421,14673
IGI-LG836619414,core,0.7,coarse,middle,dynamic,ok,,17,17,179519,0.999905303030303,dark,10560,1.0,5.0,0.29411764705882354,17,0.6672348484848485,0.19270833333333334,0.15757575757575756,14801,11986,2815
IGI-LG836619414,core,0.7,coarse,middle,dynamic,ok,,17,17,179519,0.999905303030303,non_dark,10560,12.0,17.0,1.0,17,0.9995265151515151,0.9286931818181818,0.9008522727272728,22541,7755,14786
IGI-LG836619414,core,0.6,coarse,outer,fixed,ok,,17,17,115923,0.4266408058562222,dark,6819,1.0,3.0,0.17647058823529413,11,0.5176712127877988,0.039595248570171576,0.026836779586449627,7152,6672,480
IGI-LG836619414,core,0.6,coarse,outer,fixed,ok,,17,17,115923,0.4266408058562222,non_dark,6819,15.0,17.0,1.0,17,1.0,0.9774160434081244,0.9548320868162488,13491,3622,9869
IGI-LG836619414,core,0.65,coarse,outer,fixed,ok,,17,17,115923,0.4266408058562222,dark,6819,1.0,4.199999999999818,0.24705882352940106,13,0.5978882534095908,0.05997946913037102,0.04150168646429095,8150,7334,816
IGI-LG836619414,core,0.65,coarse,outer,fixed,ok,,17,17,115923,0.4266408058562222,non_dark,6819,12.0,17.0,1.0,17,1.0,0.9722833260008799,0.9491127731338906,14153,4073,10080
IGI-LG836619414,core,0.7,coarse,outer,fixed,ok,,17,17,115923,0.4266408058562222,dark,6819,1.0,5.0,0.29411764705882354,15,0.6910104120838833,0.11834579850417949,0.08417656547880921,9303,8042,1261
IGI-LG836619414,core,0.7,coarse,outer,fixed,ok,,17,17,115923,0.4266408058562222,non_dark,6819,11.0,17.0,1.0,17,1.0,0.9457398445519871,0.9253556239917876,14861,4591,10270
IGI-LG836619414,core,0.6,coarse,outer,dynamic,ok,,17,17,197872,0.4266408058562222,dark,15595,0.0,2.0,0.11764705882352941,11,0.3068291118948381,0.03225392754087849,0.02577749278614941,8829,8108,721
IGI-LG836619414,core,0.6,coarse,outer,dynamic,ok,,17,17,197872,0.4266408058562222,non_dark,15595,10.0,17.0,1.0,17,0.9999358768836165,0.9873036229560757,0.977236293683873,31031,4022,27009
IGI-LG836619414,core,0.65,coarse,outer,dynamic,ok,,17,17,197872,0.4266408058562222,dark,15595,0.0,2.0,0.11764705882352941,13,0.35466495671689646,0.04392433472266752,0.034818852196216735,10104,9001,1103
IGI-LG836619414,core,0.65,coarse,outer,dynamic,ok,,17,17,197872,0.4266408058562222,non_dark,15595,9.0,17.0,1.0,17,0.9999358768836165,0.9844822058352036,0.9739018916319333,31909,4547,27362
IGI-LG836619414,core,0.7,coarse,outer,dynamic,ok,,17,17,197872,0.4266408058562222,dark,15595,0.0,3.0,0.17647058823529413,15,0.41840333440205196,0.07412632253927541,0.05739018916319333,11737,10110,1627
IGI-LG836619414,core,0.7,coarse,outer,dynamic,ok,,17,17,197872,0.4266408058562222,non_dark,15595,8.0,17.0,1.0,17,0.9998076306508497,0.9722988137223469,0.9623597306829111,32989,5174,27815
IGI-LG836619414,core,0.6,semantic,centre,fixed,ok,,17,17,108528,0.7427574171029668,dark,6384,0.0,2.0,0.11764705882352941,4,0.41604010025062654,0.07597117794486216,0.046365914786967416,4167,3429,738
IGI-LG836619414,core,0.6,semantic,centre,fixed,ok,,17,17,108528,0.7427574171029668,non_dark,6384,17.0,17.0,1.0,17,1.0,0.9420426065162907,0.9354636591478697,9813,1511,8302
IGI-LG836619414,core,0.65,semantic,centre,fixed,ok,,17,17,108528,0.7427574171029668,dark,6384,0.0,3.0,0.17647058823529413,5,0.48151629072681706,0.08709273182957393,0.05733082706766917,4965,4095,870
IGI-LG836619414,core,0.65,semantic,centre,fixed,ok,,17,17,108528,0.7427574171029668,non_dark,6384,17.0,17.0,1.0,17,1.0,0.9351503759398496,0.9235588972431078,10479,1891,8588
IGI-LG836619414,core,0.7,semantic,centre,fixed,ok,,17,17,108528,0.7427574171029668,dark,6384,1.0,3.0,0.17647058823529413,5,0.5520050125313283,0.1143483709273183,0.081296992481203,6001,4882,1119
IGI-LG836619414,core,0.7,semantic,centre,fixed,ok,,17,17,108528,0.7427574171029668,non_dark,6384,15.0,17.0,1.0,17,1.0,0.9180764411027569,0.9014724310776943,11266,2477,8789
IGI-LG836619414,core,0.6,semantic,centre,dynamic,ok,,17,17,129353,0.7427574171029668,dark,8595,0.0,2.0,0.11764705882352941,4,0.4144269924374636,0.11297265852239674,0.07713787085514834,5791,4232,1559
IGI-LG836619414,core,0.6,semantic,centre,dynamic,ok,,17,17,129353,0.7427574171029668,non_dark,8595,15.0,17.0,1.0,17,0.9994182664339732,0.9361256544502617,0.9282140779522978,14408,1972,12436
IGI-LG836619414,core,0.65,semantic,centre,dynamic,ok,,17,17,129353,0.7427574171029668,dark,8595,0.0,2.0,0.11764705882352941,5,0.4792321116928447,0.1278650378126818,0.08749272833042467,6904,5097,1807
IGI-LG836619414,core,0.65,semantic,centre,dynamic,ok,,17,17,129353,0.7427574171029668,non_dark,8595,12.0,17.0,1.0,17,0.9993019197207679,0.9284467713787086,0.9158813263525305,15221,2476,12745
IGI-LG836619414,core,0.7,semantic,centre,dynamic,ok,,17,17,129353,0.7427574171029668,dark,8595,1.0,3.0,0.17647058823529413,5,0.5475276323443863,0.15578824898196625,0.11192553810354858,8218,6049,2169
IGI-LG836619414,core,0.7,semantic,centre,dynamic,ok,,17,17,129353,0.7427574171029668,non_dark,8595,11.0,17.0,1.0,17,0.9993019197207679,0.9114601512507272,0.8940081442699244,16113,3163,12950
IGI-LG836619414,core,0.6,semantic,inner_step,fixed,ok,,17,17,88672,0.42768120695309936,dark,5216,1.0,4.0,0.23529411764705882,14,0.5628834355828221,0.16276840490797545,0.1481978527607362,5498,4418,1080
IGI-LG836619414,core,0.6,semantic,inner_step,fixed,ok,,17,17,88672,0.42768120695309936,non_dark,5216,14.0,17.0,1.0,17,1.0,0.9206288343558282,0.8981978527607362,9634,2562,7072
IGI-LG836619414,core,0.65,semantic,inner_step,fixed,ok,,17,17,88672,0.42768120695309936,dark,5216,1.0,5.0,0.29411764705882354,14,0.6096625766871165,0.19861963190184048,0.17925613496932516,6234,4980,1254
IGI-LG836619414,core,0.65,semantic,inner_step,fixed,ok,,17,17,88672,0.42768120695309936,non_dark,5216,13.0,17.0,1.0,17,1.0,0.9307898773006135,0.9098926380368099,10196,3054,7142
IGI-LG836619414,core,0.7,semantic,inner_step,fixed,ok,,17,17,88672,0.42768120695309936,dark,5216,1.0,6.0,0.35294117647058826,15,0.6447469325153374,0.2120398773006135,0.1888420245398773,6585,5233,1352
IGI-LG836619414,core,0.7,semantic,inner_step,fixed,ok,,17,17,88672,0.42768120695309936,non_dark,5216,12.0,17.0,1.0,17,1.0,0.92829754601227,0.9074003067484663,10449,3222,7227
IGI-LG836619414,core,0.6,semantic,inner_step,dynamic,ok,,17,17,150133,0.42768120695309936,dark,12196,0.0,3.0,0.17647058823529413,14,0.4734339127582814,0.21310265660872418,0.19350606756313546,10227,6578,3649
IGI-LG836619414,core,0.6,semantic,inner_step,dynamic,ok,,17,17,150133,0.42768120695309936,non_dark,12196,8.0,17.0,1.0,17,0.9875368973433912,0.941456215152509,0.9246474253853723,24822,3727,21095
IGI-LG836619414,core,0.65,semantic,inner_step,dynamic,ok,,17,17,150133,0.42768120695309936,dark,12196,1.0,4.0,0.23529411764705882,14,0.5255001639881929,0.25229583469990163,0.22999344047228598,11791,7338,4453
IGI-LG836619414,core,0.65,semantic,inner_step,dynamic,ok,,17,17,150133,0.42768120695309936,non_dark,12196,7.0,17.0,1.0,17,0.984257133486389,0.9439160380452607,0.9222695965890456,25276,4377,20899
IGI-LG836619414,core,0.7,semantic,inner_step,dynamic,ok,,17,17,150133,0.42768120695309936,dark,12196,1.0,4.0,0.23529411764705882,15,0.5594457199081666,0.27435224663824204,0.2505739586749754,12681,7638,5043
IGI-LG836619414,core,0.7,semantic,inner_step,dynamic,ok,,17,17,150133,0.42768120695309936,non_dark,12196,7.0,17.0,1.0,17,0.9763037061331584,0.9326008527386028,0.9130862577894392,25150,4567,20583
IGI-LG836619414,core,0.6,semantic,middle_step,fixed,ok,,17,17,17306,0.08429943689963564,dark,1018,1.0,5.0,0.29411764705882354,11,0.6895874263261297,0.10412573673870335,0.06483300589390963,1594,1428,166
IGI-LG836619414,core,0.6,semantic,middle_step,fixed,ok,,17,17,17306,0.08429943689963564,non_dark,1018,10.0,17.0,1.0,17,1.0,0.9607072691552063,0.8968565815324165,2446,892,1554
IGI-LG836619414,core,0.65,semantic,middle_step,fixed,ok,,17,17,17306,0.08429943689963564,dark,1018,3.0,8.0,0.47058823529411764,13,0.743614931237721,0.05206286836935167,0.026522593320235755,1704,1451,253
IGI-LG836619414,core,0.65,semantic,middle_step,fixed,ok,,17,17,17306,0.08429943689963564,non_dark,1018,8.0,17.0,1.0,17,1.0,0.9607072691552063,0.8948919449901768,2469,947,1522
IGI-LG836619414,core,0.7,semantic,middle_step,fixed,ok,,17,17,17306,0.08429943689963564,dark,1018,3.0,9.0,0.5294117647058824,15,0.8683693516699411,0.17485265225933203,0.11493123772102161,1856,1459,397
IGI-LG836619414,core,0.7,semantic,middle_step,fixed,ok,,17,17,17306,0.08429943689963564,non_dark,1018,7.0,17.0,1.0,17,1.0,0.925343811394892,0.8929273084479371,2477,972,1505
IGI-LG836619414,core,0.6,semantic,middle_step,dynamic,ok,,17,17,109316,0.08429943689963564,dark,12076,0.0,2.0,0.11764705882352941,11,0.4635640940708844,0.2730208678370321,0.2386551838357072,10888,5088,5800
IGI-LG836619414,core,0.6,semantic,middle_step,dynamic,ok,,17,17,109316,0.08429943689963564,non_dark,12076,4.0,12.0,0.7058823529411765,17,0.9763994700231865,0.9593408413381914,0.9431931103014243,26604,2972,23632
IGI-LG836619414,core,0.65,semantic,middle_step,dynamic,ok,,17,17,109316,0.08429943689963564,dark,12076,1.0,3.0,0.17647058823529413,13,0.5099370652533952,0.29728386883073865,0.26109638953295794,12108,5344,6764
IGI-LG836619414,core,0.65,semantic,middle_step,dynamic,ok,,17,17,109316,0.08429943689963564,non_dark,12076,4.0,12.0,0.7058823529411765,17,0.972755879430275,0.9472507452798941,0.9255548194766479,26483,3285,23198
IGI-LG836619414,core,0.7,semantic,middle_step,dynamic,ok,,17,17,109316,0.08429943689963564,dark,12076,1.0,4.0,0.23529411764705882,15,0.5688141768797615,0.34788009274594234,0.3039913878767804,13430,5661,7769
IGI-LG836619414,core,0.7,semantic,middle_step,dynamic,ok,,17,17,109316,0.08429943689963564,non_dark,12076,4.0,11.0,0.6470588235294118,17,0.9694435243458098,0.9360715468698244,0.9128022524014574,26555,3628,22927
IGI-LG836619414,core,0.6,semantic,outer_step,fixed,ok,,17,17,9333,0.037202683472250454,dark,549,0.0,0.0,0.0,4,0.06739526411657559,0.0,0.0,41,41,0
IGI-LG836619414,core,0.6,semantic,outer_step,fixed,ok,,17,17,9333,0.037202683472250454,non_dark,549,17.0,17.0,1.0,17,1.0,1.0,1.0,590,4,586
IGI-LG836619414,core,0.65,semantic,outer_step,fixed,ok,,17,17,9333,0.037202683472250454,dark,549,0.0,1.0,0.058823529411764705,4,0.13114754098360656,0.0,0.0,85,85,0
IGI-LG836619414,core,0.65,semantic,outer_step,fixed,ok,,17,17,9333,0.037202683472250454,non_dark,549,17.0,17.0,1.0,17,1.0,1.0,1.0,634,13,621
IGI-LG836619414,core,0.7,semantic,outer_step,fixed,ok,,17,17,9333,0.037202683472250454,dark,549,0.0,1.0,0.058823529411764705,4,0.20036429872495445,0.01639344262295082,0.01639344262295082,138,129,9
IGI-LG836619414,core,0.7,semantic,outer_step,fixed,ok,,17,17,9333,0.037202683472250454,non_dark,549,17.0,17.0,1.0,17,1.0,0.9836065573770492,0.9817850637522769,678,28,650
IGI-LG836619414,core,0.6,semantic,outer_step,dynamic,ok,,17,17,114321,0.037202683472250454,dark,14369,0.0,1.0,0.058823529411764705,4,0.11552648061799707,0.06688008908065976,0.061242953580624954,1948,875,1073
IGI-LG836619414,core,0.6,semantic,outer_step,dynamic,ok,,17,17,114321,0.037202683472250454,non_dark,14369,4.0,13.0,0.7647058823529411,17,0.998677708956782,0.9986081146913495,0.998538520425917,31750,120,31630
IGI-LG836619414,core,0.65,semantic,outer_step,dynamic,ok,,17,17,114321,0.037202683472250454,dark,14369,0.0,1.0,0.058823529411764705,4,0.14092838750086992,0.07822395434616188,0.07182128192636927,2408,1146,1262
IGI-LG836619414,core,0.65,semantic,outer_step,dynamic,ok,,17,17,114321,0.037202683472250454,non_dark,14369,4.0,13.0,0.7647058823529411,17,0.9982601433641868,0.9979121720370242,0.997633794975294,31956,179,31777
IGI-LG836619414,core,0.7,semantic,outer_step,dynamic,ok,,17,17,114321,0.037202683472250454,dark,14369,0.0,1.0,0.058823529411764705,4,0.18853086505671932,0.09903263971048785,0.09061173359315193,3234,1640,1594
IGI-LG836619414,core,0.7,semantic,outer_step,dynamic,ok,,17,17,114321,0.037202683472250454,non_dark,14369,4.0,13.0,0.7647058823529411,17,0.9950588071542905,0.9930405734567471,0.9922750365369893,32318,264,32054
IGI-LG836619414,wide,0.6,coarse,centre,fixed,ok,,33,33,47652,1.0,dark,1444,0.0,1.0,0.030303030303030304,4,0.42382271468144045,0.00554016620498615,0.0034626038781163434,820,812,8
IGI-LG836619414,wide,0.6,coarse,centre,fixed,ok,,33,33,47652,1.0,non_dark,1444,33.0,33.0,1.0,33,1.0,0.9653739612188366,0.9626038781163435,2256,208,2048
IGI-LG836619414,wide,0.65,coarse,centre,fixed,ok,,33,33,47652,1.0,dark,1444,1.0,2.0,0.06060606060606061,4,0.5069252077562327,0.007617728531855956,0.004847645429362881,1040,1027,13
IGI-LG836619414,wide,0.65,coarse,centre,fixed,ok,,33,33,47652,1.0,non_dark,1444,31.0,33.0,1.0,33,1.0,0.9598337950138505,0.9577562326869806,2471,308,2163
IGI-LG836619414,wide,0.7,coarse,centre,fixed,ok,,33,33,47652,1.0,dark,1444,1.0,2.0,0.06060606060606061,4,0.6177285318559557,0.008310249307479225,0.006232686980609419,1402,1380,22
IGI-LG836619414,wide,0.7,coarse,centre,fixed,ok,,33,33,47652,1.0,non_dark,1444,23.0,33.0,1.0,33,1.0,0.9549861495844876,0.953601108033241,2824,510,2314
IGI-LG836619414,wide,0.6,coarse,centre,dynamic,ok,,33,33,47652,1.0,dark,1444,0.0,1.0,0.030303030303030304,4,0.42382271468144045,0.00554016620498615,0.0034626038781163434,820,812,8
IGI-LG836619414,wide,0.6,coarse,centre,dynamic,ok,,33,33,47652,1.0,non_dark,1444,33.0,33.0,1.0,33,1.0,0.9653739612188366,0.9626038781163435,2256,208,2048
IGI-LG836619414,wide,0.65,coarse,centre,dynamic,ok,,33,33,47652,1.0,dark,1444,1.0,2.0,0.06060606060606061,4,0.5069252077562327,0.007617728531855956,0.004847645429362881,1040,1027,13
IGI-LG836619414,wide,0.65,coarse,centre,dynamic,ok,,33,33,47652,1.0,non_dark,1444,31.0,33.0,1.0,33,1.0,0.9598337950138505,0.9577562326869806,2471,308,2163
IGI-LG836619414,wide,0.7,coarse,centre,dynamic,ok,,33,33,47652,1.0,dark,1444,1.0,2.0,0.06060606060606061,4,0.6177285318559557,0.008310249307479225,0.006232686980609419,1402,1380,22
IGI-LG836619414,wide,0.7,coarse,centre,dynamic,ok,,33,33,47652,1.0,non_dark,1444,23.0,33.0,1.0,33,1.0,0.9549861495844876,0.953601108033241,2824,510,2314
IGI-LG836619414,wide,0.6,coarse,inner,fixed,ok,,33,33,196416,1.0,dark,5952,1.0,3.0,0.09090909090909091,9,0.5404905913978495,0.07224462365591398,0.0613239247311828,6670,6092,578
IGI-LG836619414,wide,0.6,coarse,inner,fixed,ok,,33,33,196416,1.0,non_dark,5952,25.0,33.0,1.0,33,1.0,0.9282594086021505,0.917002688172043,12044,3453,8591
IGI-LG836619414,wide,0.65,coarse,inner,fixed,ok,,33,33,196416,1.0,dark,5952,1.0,4.0,0.12121212121212122,12,0.5919018817204301,0.07476478494623656,0.062163978494623656,7371,6770,601
IGI-LG836619414,wide,0.65,coarse,inner,fixed,ok,,33,33,196416,1.0,non_dark,5952,23.0,33.0,1.0,33,1.0,0.9206989247311828,0.9086021505376344,12722,3848,8874
IGI-LG836619414,wide,0.7,coarse,inner,fixed,ok,,33,33,196416,1.0,dark,5952,1.0,4.0,0.12121212121212122,12,0.6555779569892473,0.07728494623655914,0.06334005376344086,8299,7662,637
IGI-LG836619414,wide,0.7,coarse,inner,fixed,ok,,33,33,196416,1.0,non_dark,5952,20.0,33.0,1.0,33,1.0,0.9116263440860215,0.8966733870967742,13614,4397,9217
IGI-LG836619414,wide,0.6,coarse,inner,dynamic,ok,,33,33,196416,1.0,dark,5952,1.0,3.0,0.09090909090909091,9,0.5404905913978495,0.07224462365591398,0.0613239247311828,6670,6092,578
IGI-LG836619414,wide,0.6,coarse,inner,dynamic,ok,,33,33,196416,1.0,non_dark,5952,25.0,33.0,1.0,33,1.0,0.9282594086021505,0.917002688172043,12044,3453,8591
IGI-LG836619414,wide,0.65,coarse,inner,dynamic,ok,,33,33,196416,1.0,dark,5952,1.0,4.0,0.12121212121212122,12,0.5919018817204301,0.07476478494623656,0.062163978494623656,7371,6770,601
IGI-LG836619414,wide,0.65,coarse,inner,dynamic,ok,,33,33,196416,1.0,non_dark,5952,23.0,33.0,1.0,33,1.0,0.9206989247311828,0.9086021505376344,12722,3848,8874
IGI-LG836619414,wide,0.7,coarse,inner,dynamic,ok,,33,33,196416,1.0,dark,5952,1.0,4.0,0.12121212121212122,12,0.6555779569892473,0.07728494623655914,0.06334005376344086,8299,7662,637
IGI-LG836619414,wide,0.7,coarse,inner,dynamic,ok,,33,33,196416,1.0,non_dark,5952,20.0,33.0,1.0,33,1.0,0.9116263440860215,0.8966733870967742,13614,4397,9217
IGI-LG836619414,wide,0.6,coarse,middle,fixed,ok,,33,33,327195,0.9389204545454546,dark,9915,1.0,5.0,0.15151515151515152,18,0.6564800806858295,0.02188603126575895,0.013918305597579426,15061,14376,685
IGI-LG836619414,wide,0.6,coarse,middle,fixed,ok,,33,33,327195,0.9389204545454546,non_dark,9915,22.0,33.0,1.0,33,1.0,0.9631870902672718,0.9588502269288957,24291,8552,15739
IGI-LG836619414,wide,0.65,coarse,middle,fixed,ok,,33,33,327195,0.9389204545454546,dark,9915,1.0,6.0,0.18181818181818182,18,0.7104387291981845,0.02319717599596571,0.015431164901664145,17259,16470,789
IGI-LG836619414,wide,0.65,coarse,middle,fixed,ok,,33,33,327195,0.9389204545454546,non_dark,9915,20.0,33.0,1.0,33,1.0,0.946243066061523,0.940292486132123,26385,10215,16170
IGI-LG836619414,wide,0.7,coarse,middle,fixed,ok,,33,33,327195,0.9389204545454546,dark,9915,2.0,6.0,0.18181818181818182,19,0.7634896621280888,0.030358043368633385,0.01805345436207766,19014,18065,949
IGI-LG836619414,wide,0.7,coarse,middle,fixed,ok,,33,33,327195,0.9389204545454546,non_dark,9915,20.0,33.0,1.0,33,1.0,0.9157841654059505,0.9062027231467473,27980,11444,16536
IGI-LG836619414,wide,0.6,coarse,middle,dynamic,ok,,33,33,346452,0.9389204545454546,dark,10560,1.0,5.0,0.15151515151515152,18,0.6612689393939394,0.02159090909090909,0.013920454545454545,16082,15386,696
IGI-LG836619414,wide,0.6,coarse,middle,dynamic,ok,,33,33,346452,0.9389204545454546,non_dark,10560,21.0,33.0,1.0,33,1.0,0.9642992424242425,0.9600378787878788,26251,9098,17153
IGI-LG836619414,wide,0.65,coarse,middle,dynamic,ok,,33,33,346452,0.9389204545454546,dark,10560,1.0,5.0,0.15151515151515152,18,0.7160984848484848,0.023958333333333335,0.016098484848484848,18445,17631,814
IGI-LG836619414,wide,0.65,coarse,middle,dynamic,ok,,33,33,346452,0.9389204545454546,non_dark,10560,20.0,33.0,1.0,33,1.0,0.9472537878787879,0.9410984848484848,28487,10876,17611
IGI-LG836619414,wide,0.7,coarse,middle,dynamic,ok,,33,33,346452,0.9389204545454546,dark,10560,2.0,6.0,0.18181818181818182,19,0.772064393939394,0.03257575757575758,0.019791666666666666,20491,19487,1004
IGI-LG836619414,wide,0.7,coarse,middle,dynamic,ok,,33,33,346452,0.9389204545454546,non_dark,10560,19.0,33.0,1.0,33,1.0,0.9160037878787879,0.9067234848484849,30321,12320,18001
IGI-LG836619414,wide,0.6,coarse,outer,fixed,ok,,33,33,105435,0.19884241971620611,dark,3195,1.0,4.0,0.12121212121212122,11,0.7233176838810642,0.045696400625978094,0.028794992175273867,5868,5613,255
IGI-LG836619414,wide,0.6,coarse,outer,fixed,ok,,33,33,105435,0.19884241971620611,non_dark,3195,19.0,33.0,1.0,33,1.0,0.9712050078247262,0.9630672926447574,8808,3557,5251
IGI-LG836619414,wide,0.65,coarse,outer,fixed,ok,,33,33,105435,0.19884241971620611,dark,3195,2.0,6.0,0.18181818181818182,13,0.8065727699530516,0.04225352112676056,0.020970266040688575,6759,6465,294
IGI-LG836619414,wide,0.65,coarse,outer,fixed,ok,,33,33,105435,0.19884241971620611,non_dark,3195,16.0,33.0,1.0,33,1.0,0.9377151799687011,0.9255086071987481,9660,4182,5478
IGI-LG836619414,wide,0.7,coarse,outer,fixed,ok,,33,33,105435,0.19884241971620611,dark,3195,2.0,7.0,0.21212121212121213,16,0.9223787167449139,0.03599374021909233,0.016901408450704224,8135,7780,355
IGI-LG836619414,wide,0.7,coarse,outer,fixed,ok,,33,33,105435,0.19884241971620611,non_dark,3195,15.0,29.0,0.8787878787878788,33,1.0,0.842566510172144,0.8259780907668232,10975,5188,5787
IGI-LG836619414,wide,0.6,coarse,outer,dynamic,ok,,33,33,312446,0.19884241971620611,dark,15673,0.0,2.0,0.06060606060606061,11,0.32718688189880685,0.03158297709436611,0.022267593951381358,10445,9719,726
IGI-LG836619414,wide,0.6,coarse,outer,dynamic,ok,,33,33,312446,0.19884241971620611,non_dark,15673,15.0,29.0,0.8787878787878788,33,0.9999361960058699,0.9924073246985261,0.9897275569450648,38309,5163,33146
IGI-LG836619414,wide,0.65,coarse,outer,dynamic,ok,,33,33,312446,0.19884241971620611,dark,15673,0.0,3.0,0.09090909090909091,13,0.3866522044279972,0.03643208064824858,0.02590442161679321,12359,11489,870
IGI-LG836619414,wide,0.65,coarse,outer,dynamic,ok,,33,33,312446,0.19884241971620611,non_dark,15673,14.0,26.0,0.7878787878787878,33,0.9999361960058699,0.9834109615261916,0.9792637019077394,40048,6133,33915
IGI-LG836619414,wide,0.7,coarse,outer,dynamic,ok,,33,33,312446,0.19884241971620611,dark,15673,0.0,3.0,0.09090909090909091,16,0.46717284502009826,0.04849103553882473,0.03515600076564793,15253,14097,1156
IGI-LG836619414,wide,0.7,coarse,outer,dynamic,ok,,33,33,312446,0.19884241971620611,non_dark,15673,13.0,24.0,0.7272727272727273,33,0.9998085880176099,0.9554648120972373,0.9500414725961845,42570,7742,34828
IGI-LG836619414,wide,0.6,semantic,centre,fixed,ok,,33,33,170940,0.6114980521780191,dark,5180,0.0,3.0,0.09090909090909091,9,0.45907335907335906,0.0805019305019305,0.06853281853281853,4252,3746,506
IGI-LG836619414,wide,0.6,semantic,centre,fixed,ok,,33,33,170940,0.6114980521780191,non_dark,5180,33.0,33.0,1.0,33,1.0,0.9401544401544402,0.9297297297297298,8926,1874,7052
IGI-LG836619414,wide,0.65,semantic,centre,fixed,ok,,33,33,170940,0.6114980521780191,dark,5180,1.0,3.0,0.09090909090909091,12,0.5133204633204633,0.08359073359073359,0.07162162162162163,4804,4277,527
IGI-LG836619414,wide,0.65,semantic,centre,fixed,ok,,33,33,170940,0.6114980521780191,non_dark,5180,31.0,33.0,1.0,33,1.0,0.9310810810810811,0.9202702702702703,9457,2145,7312
IGI-LG836619414,wide,0.7,semantic,centre,fixed,ok,,33,33,170940,0.6114980521780191,dark,5180,1.0,3.0,0.09090909090909091,12,0.584942084942085,0.08725868725868725,0.07413127413127413,5640,5084,556
IGI-LG836619414,wide,0.7,semantic,centre,fixed,ok,,33,33,170940,0.6114980521780191,non_dark,5180,23.0,33.0,1.0,33,1.0,0.9212355212355212,0.9092664092664092,10264,2610,7654
IGI-LG836619414,wide,0.6,semantic,centre,dynamic,ok,,33,33,227713,0.6114980521780191,dark,8471,0.0,3.0,0.09090909090909091,9,0.45744304096328653,0.1023491913587534,0.0857041671585409,7141,5784,1357
IGI-LG836619414,wide,0.6,semantic,centre,dynamic,ok,,33,33,227713,0.6114980521780191,non_dark,8471,20.0,33.0,1.0,33,0.9995278007319088,0.947585881241884,0.9380238460630386,17323,3009,14314
IGI-LG836619414,wide,0.65,semantic,centre,dynamic,ok,,33,33,227713,0.6114980521780191,dark,8471,1.0,3.0,0.09090909090909091,12,0.5152874513044505,0.11580687049935072,0.09597450123952309,8123,6569,1554
IGI-LG836619414,wide,0.65,semantic,centre,dynamic,ok,,33,33,227713,0.6114980521780191,non_dark,8471,19.0,33.0,1.0,33,0.999409750914886,0.9400306929524259,0.9289340101522843,18047,3447,14600
IGI-LG836619414,wide,0.7,semantic,centre,dynamic,ok,,33,33,227713,0.6114980521780191,dark,8471,1.0,3.0,0.09090909090909091,12,0.5817494982882776,0.12513280604415064,0.10282139062684453,9476,7728,1748
IGI-LG836619414,wide,0.7,semantic,centre,dynamic,ok,,33,33,227713,0.6114980521780191,non_dark,8471,18.0,33.0,1.0,33,0.9992917010978632,0.930704757407626,0.9180734269861882,19137,4161,14976
IGI-LG836619414,wide,0.6,semantic,inner_step,fixed,ok,,33,33,102630,0.22709017889740782,dark,3110,1.0,5.0,0.15151515151515152,16,0.6514469453376206,0.00964630225080386,0.005144694533762058,4393,4254,139
IGI-LG836619414,wide,0.6,semantic,inner_step,fixed,ok,,33,33,102630,0.22709017889740782,non_dark,3110,22.0,33.0,1.0,33,1.0,0.97491961414791,0.9710610932475884,7364,2367,4997
IGI-LG836619414,wide,0.65,semantic,inner_step,fixed,ok,,33,33,102630,0.22709017889740782,dark,3110,1.0,6.0,0.18181818181818182,17,0.7170418006430869,0.012218649517684888,0.005466237942122186,5114,4954,160
IGI-LG836619414,wide,0.65,semantic,inner_step,fixed,ok,,33,33,102630,0.22709017889740782,non_dark,3110,21.0,33.0,1.0,33,1.0,0.9659163987138264,0.9620578778135048,8064,2884,5180
IGI-LG836619414,wide,0.7,semantic,inner_step,fixed,ok,,33,33,102630,0.22709017889740782,dark,3110,2.0,7.0,0.21212121212121213,17,0.7527331189710611,0.017684887459807074,0.00707395498392283,5445,5251,194
IGI-LG836619414,wide,0.7,semantic,inner_step,fixed,ok,,33,33,102630,0.22709017889740782,non_dark,3110,20.0,33.0,1.0,33,1.0,0.9446945337620579,0.9405144694533762,8361,3104,5257
IGI-LG836619414,wide,0.6,semantic,inner_step,dynamic,ok,,33,33,281055,0.22709017889740782,dark,13695,0.0,4.0,0.12121212121212122,16,0.4910551296093465,0.11726907630522089,0.10536692223439212,12406,9788,2618
IGI-LG836619414,wide,0.6,semantic,inner_step,dynamic,ok,,33,33,281055,0.22709017889740782,non_dark,13695,12.0,30.0,0.9090909090909091,33,0.9974443227455275,0.9771449434100037,0.9736400146038701,34817,4916,29901
IGI-LG836619414,wide,0.65,semantic,inner_step,dynamic,ok,,33,33,281055,0.22709017889740782,dark,13695,1.0,4.0,0.12121212121212122,17,0.5471339905074845,0.14063526834611173,0.12522818546914932,14559,11318,3241
IGI-LG836619414,wide,0.65,semantic,inner_step,dynamic,ok,,33,33,281055,0.22709017889740782,non_dark,13695,12.0,27.0,0.8181818181818182,33,0.9957648776925886,0.9679445052939029,0.9615918218327857,36024,6053,29971
IGI-LG836619414,wide,0.7,semantic,inner_step,dynamic,ok,,33,33,281055,0.22709017889740782,dark,13695,1.0,5.0,0.15151515151515152,17,0.5901423877327492,0.16173786053304126,0.14202263599853962,16059,12084,3975
IGI-LG836619414,wide,0.7,semantic,inner_step,dynamic,ok,,33,33,281055,0.22709017889740782,non_dark,13695,12.0,27.0,0.8181818181818182,33,0.9937203358890105,0.9542898868200073,0.9468419131069733,36398,6590,29808
IGI-LG836619414,wide,0.6,semantic,middle_step,fixed,ok,,33,33,3696,0.007617493028633612,dark,112,2.0,3.0,0.09090909090909091,5,0.6875,0.05357142857142857,0.026785714285714284,214,201,13
IGI-LG836619414,wide,0.6,semantic,middle_step,fixed,ok,,33,33,3696,0.007617493028633612,non_dark,112,16.0,33.0,1.0,33,1.0,0.8839285714285714,0.8839285714285714,313,137,176
IGI-LG836619414,wide,0.65,semantic,middle_step,fixed,ok,,33,33,3696,0.007617493028633612,dark,112,4.0,7.0,0.21212121212121213,8,0.7410714285714286,0.008928571428571428,0.008928571428571428,257,243,14
IGI-LG836619414,wide,0.65,semantic,middle_step,fixed,ok,,33,33,3696,0.007617493028633612,non_dark,112,13.0,33.0,1.0,33,1.0,0.8660714285714286,0.8571428571428571,355,174,181
IGI-LG836619414,wide,0.7,semantic,middle_step,fixed,ok,,33,33,3696,0.007617493028633612,dark,112,4.0,9.0,0.2727272727272727,14,0.8303571428571429,0.008928571428571428,0.0,263,248,15
IGI-LG836619414,wide,0.7,semantic,middle_step,fixed,ok,,33,33,3696,0.007617493028633612,non_dark,112,12.0,33.0,1.0,33,1.0,0.8482142857142857,0.8303571428571429,360,170,190
IGI-LG836619414,wide,0.6,semantic,middle_step,dynamic,ok,,33,33,197876,0.007617493028633612,dark,14703,0.0,3.0,0.09090909090909091,11,0.4433108889342311,0.2406311637080868,0.20512820512820512,13278,6365,6913
IGI-LG836619414,wide,0.6,semantic,middle_step,dynamic,ok,,33,33,197876,0.007617493028633612,non_dark,14703,7.0,16.0,0.48484848484848486,33,0.9896619737468544,0.9653812147180847,0.9559273617629055,39069,3686,35383
IGI-LG836619414,wide,0.65,semantic,middle_step,dynamic,ok,,33,33,197876,0.007617493028633612,dark,14703,1.0,3.0,0.09090909090909091,13,0.5058831530980072,0.26232741617357,0.22253961776508197,15330,7518,7812
IGI-LG836619414,wide,0.65,semantic,middle_step,dynamic,ok,,33,33,197876,0.007617493028633612,non_dark,14703,7.0,15.0,0.45454545454545453,33,0.9881656804733728,0.9542270284975856,0.9393321090933823,39866,4360,35506
IGI-LG836619414,wide,0.7,semantic,middle_step,dynamic,ok,,33,33,197876,0.007617493028633612,dark,14703,1.0,4.0,0.12121212121212122,16,0.5898796164048153,0.3109569475617221,0.26164728286744204,18190,8949,9241
IGI-LG836619414,wide,0.7,semantic,middle_step,dynamic,ok,,33,33,197876,0.007617493028633612,non_dark,14703,6.0,14.0,0.42424242424242425,33,0.9861932938856016,0.9323947493708767,0.9138951234441951,41002,5413,35589
IGI-LG836619414,wide,0.6,semantic,outer_step,fixed,ok,,33,33,1023,0.001725673569360944,dark,31,0.0,0.0,0.0,0,0.0,0.0,0.0,0,0,0
IGI-LG836619414,wide,0.6,semantic,outer_step,fixed,ok,,33,33,1023,0.001725673569360944,non_dark,31,33.0,33.0,1.0,33,1.0,1.0,1.0,31,0,31
IGI-LG836619414,wide,0.65,semantic,outer_step,fixed,ok,,33,33,1023,0.001725673569360944,dark,31,0.0,0.0,0.0,1,0.03225806451612903,0.03225806451612903,0.03225806451612903,1,0,1
IGI-LG836619414,wide,0.65,semantic,outer_step,fixed,ok,,33,33,1023,0.001725673569360944,non_dark,31,33.0,33.0,1.0,33,1.0,1.0,1.0,31,0,31
IGI-LG836619414,wide,0.7,semantic,outer_step,fixed,ok,,33,33,1023,0.001725673569360944,dark,31,0.0,1.0,0.030303030303030304,1,0.1935483870967742,0.0967741935483871,0.0967741935483871,6,3,3
IGI-LG836619414,wide,0.7,semantic,outer_step,fixed,ok,,33,33,1023,0.001725673569360944,non_dark,31,33.0,33.0,1.0,33,1.0,1.0,1.0,34,0,34
IGI-LG836619414,wide,0.6,semantic,outer_step,dynamic,ok,,33,33,196322,0.001725673569360944,dark,17569,0.0,1.0,0.030303030303030304,5,0.13415675337241734,0.06397632193067335,0.048096078319767775,3259,1719,1540
IGI-LG836619414,wide,0.6,semantic,outer_step,dynamic,ok,,33,33,196322,0.001725673569360944,non_dark,17569,6.0,15.0,0.45454545454545453,33,0.9999430815641186,0.9974955888212192,0.9961864647959474,47103,458,46645
IGI-LG836619414,wide,0.65,semantic,outer_step,dynamic,ok,,33,33,196322,0.001725673569360944,dark,17569,0.0,1.0,0.030303030303030304,6,0.16637258808127953,0.07905970743923957,0.06192725823894359,3973,2107,1866
IGI-LG836619414,wide,0.65,semantic,outer_step,dynamic,ok,,33,33,196322,0.001725673569360944,non_dark,17569,6.0,14.0,0.42424242424242425,33,0.9996584893847117,0.9965848938471171,0.9952188513859639,47378,536,46842
IGI-LG836619414,wide,0.7,semantic,outer_step,dynamic,ok,,33,33,196322,0.001725673569360944,dark,17569,0.0,1.0,0.030303030303030304,7,0.23900051226592292,0.11992714440207183,0.09841197563890944,5513,2849,2664
IGI-LG836619414,wide,0.7,semantic,outer_step,dynamic,ok,,33,33,196322,0.001725673569360944,non_dark,17569,6.0,14.0,0.42424242424242425,33,0.99834936535944,0.99299903238659,0.9914053161819113,47898,662,47236
